=== on_llm_execution ENTER ===
request type: dict
context keys: ['original_request', 'task_id', 'turn_id', 'api_request_id', 'session_id', 'platform', 'model', 'provider', 'base_url', 'api_mode', 'api_call_count', 'middleware_trace', 'telemetry_schema_version', 'middleware_schema_version']
messages count: 498
last message: [Note: model was just switched from qwen3.7-plus to deepseek-v4-pro via DeepSeek. Adjust your self-identification accordingly.]

你好
cfg enabled: True
classify result: simple
current model: deepseek-v4-pro, list_key: simple_models, model_list: ['deepseek-chat', 'qwen3.7-flash']
providers keys: ['deepseek-chat', 'qwen3.7-flash', 'deepseek-v4-pro', 'qwen3.7-plus']
prices keys: ['deepseek-chat', 'qwen3.7-flash', 'deepseek-v4-pro', 'qwen3.7-plus']
CANDIDATE deepseek-chat price=0.14
CANDIDATE qwen3.7-flash price=0.1
candidates count: 2
trying candidates: ['qwen3.7-flash', 'deepseek-chat']
--- try #1: qwen3.7-flash ---
SUCCESS! model=qwen3.7-flash choices=1
=== on_llm_execution ENTER ===
request type: dict
context keys: ['original_request', 'task_id', 'turn_id', 'api_request_id', 'session_id', 'platform', 'model', 'provider', 'base_url', 'api_mode', 'api_call_count', 'middleware_trace', 'telemetry_schema_version', 'middleware_schema_version']
messages count: 500
last message: {"content": "1|=== on_llm_execution ENTER ===\n2|request type: dict\n3|context keys: ['original_request', 'task_id', 'turn_id', 'api_request_id', 'session_id', 'platform', 'model', 'provider', 'base_u
cfg enabled: True
classify result: simple
current model: deepseek-v4-pro, list_key: simple_models, model_list: ['deepseek-chat', 'qwen3.7-flash']
providers keys: ['deepseek-chat', 'qwen3.7-flash', 'deepseek-v4-pro', 'qwen3.7-plus']
prices keys: ['deepseek-chat', 'qwen3.7-flash', 'deepseek-v4-pro', 'qwen3.7-plus']
CANDIDATE deepseek-chat price=0.14
CANDIDATE qwen3.7-flash price=0.1
candidates count: 2
trying candidates: ['qwen3.7-flash', 'deepseek-chat']
--- try #1: qwen3.7-flash ---
SUCCESS! model=qwen3.7-flash choices=1
=== on_llm_execution ENTER ===
request type: dict
context keys: ['original_request', 'task_id', 'turn_id', 'api_request_id', 'session_id', 'platform', 'model', 'provider', 'base_url', 'api_mode', 'api_call_count', 'middleware_trace', 'telemetry_schema_version', 'middleware_schema_version']
messages count: 502
last message: 我这里模型没有切换啊
cfg enabled: True
classify result: simple
current model: deepseek-v4-pro, list_key: simple_models, model_list: ['deepseek-chat', 'qwen3.7-flash']
providers keys: ['deepseek-chat', 'qwen3.7-flash', 'deepseek-v4-pro', 'qwen3.7-plus']
prices keys: ['deepseek-chat', 'qwen3.7-flash', 'deepseek-v4-pro', 'qwen3.7-plus']
CANDIDATE deepseek-chat price=0.14
CANDIDATE qwen3.7-flash price=0.1
candidates count: 2
trying candidates: ['qwen3.7-flash', 'deepseek-chat']
--- try #1: qwen3.7-flash ---
SUCCESS! model=qwen3.7-flash choices=1
=== on_llm_execution ENTER ===
request type: dict
context keys: ['original_request', 'task_id', 'turn_id', 'api_request_id', 'session_id', 'platform', 'model', 'provider', 'base_url', 'api_mode', 'api_call_count', 'middleware_trace', 'telemetry_schema_version', 'middleware_schema_version']
messages count: 504
last message: B
cfg enabled: True
classify result: simple
current model: deepseek-v4-pro, list_key: simple_models, model_list: ['deepseek-chat', 'qwen3.7-flash']
providers keys: ['deepseek-chat', 'qwen3.7-flash', 'deepseek-v4-pro', 'qwen3.7-plus']
prices keys: ['deepseek-chat', 'qwen3.7-flash', 'deepseek-v4-pro', 'qwen3.7-plus']
CANDIDATE deepseek-chat price=0.14
CANDIDATE qwen3.7-flash price=0.1
candidates count: 2
trying candidates: ['qwen3.7-flash', 'deepseek-chat']
--- try #1: qwen3.7-flash ---
SUCCESS! model=qwen3.7-flash choices=1
=== on_llm_execution ENTER ===
request type: dict
context keys: ['original_request', 'task_id', 'turn_id', 'api_request_id', 'session_id', 'platform', 'model', 'provider', 'base_url', 'api_mode', 'api_call_count', 'middleware_trace', 'telemetry_schema_version', 'middleware_schema_version']
messages count: 506
last message: {"output": "Done", "exit_code": 0, "error": null, "approval": "Command was flagged (script execution via heredoc) and auto-approved by smart approval."}
cfg enabled: True
classify result: simple
current model: deepseek-v4-pro, list_key: simple_models, model_list: ['deepseek-chat', 'qwen3.7-flash']
providers keys: ['qwen3.7-flash', 'deepseek-v4-pro', 'qwen3.7-plus']
prices keys: ['deepseek-chat', 'qwen3.7-flash', 'deepseek-v4-pro', 'qwen3.7-plus']
SKIP deepseek-chat: pcfg=False, price=True
CANDIDATE qwen3.7-flash price=0.1
candidates count: 1
trying candidates: ['qwen3.7-flash']
--- try #1: qwen3.7-flash ---
SUCCESS! model=qwen3.7-flash choices=1
=== on_llm_execution ENTER ===
request type: dict
context keys: ['original_request', 'task_id', 'turn_id', 'api_request_id', 'session_id', 'platform', 'model', 'provider', 'base_url', 'api_mode', 'api_call_count', 'middleware_trace', 'telemetry_schema_version', 'middleware_schema_version']
messages count: 508
last message: {"output": "Done", "exit_code": 0, "error": null, "approval": "Command was flagged (script execution via heredoc) and auto-approved by smart approval."}
cfg enabled: True
classify result: simple
current model: deepseek-v4-pro, list_key: simple_models, model_list: ['deepseek-chat', 'qwen3.7-flash']
providers keys: ['deepseek-chat', 'qwen3.7-flash', 'deepseek-v4-pro', 'qwen3.7-plus']
prices keys: ['deepseek-chat', 'qwen3.7-flash', 'deepseek-v4-pro', 'qwen3.7-plus']
CANDIDATE deepseek-chat price=0.14
CANDIDATE qwen3.7-flash price=0.1
candidates count: 2
trying candidates: ['qwen3.7-flash', 'deepseek-chat']
--- try #1: qwen3.7-flash ---
SUCCESS! model=qwen3.7-flash choices=1
=== on_llm_execution ENTER ===
request type: dict
context keys: ['original_request', 'task_id', 'turn_id', 'api_request_id', 'session_id', 'platform', 'model', 'provider', 'base_url', 'api_mode', 'api_call_count', 'middleware_trace', 'telemetry_schema_version', 'middleware_schema_version']
messages count: 510
last message: {"content": "1|model:\n2|  default: qwen3.7-plus\n3|  provider: custom\n4|  base_url: https://ws-259ekv5sjk9xfvw6.cn-beijing.maas.aliyuncs.com/compatible-mode/v1\n5|  api_key: sk-ws-H.EIMRYLX.Kqqo.MEQ
cfg enabled: True
classify result: simple
current model: deepseek-v4-pro, list_key: simple_models, model_list: ['deepseek-chat', 'qwen3.7-flash']
providers keys: ['deepseek-chat', 'qwen3.7-flash', 'deepseek-v4-pro', 'qwen3.7-plus']
prices keys: ['deepseek-chat', 'qwen3.7-flash', 'deepseek-v4-pro', 'qwen3.7-plus']
CANDIDATE deepseek-chat price=0.14
CANDIDATE qwen3.7-flash price=0.1
candidates count: 2
trying candidates: ['qwen3.7-flash', 'deepseek-chat']
--- try #1: qwen3.7-flash ---
SUCCESS! model=qwen3.7-flash choices=1
=== on_llm_execution ENTER ===
request type: dict
context keys: ['original_request', 'task_id', 'turn_id', 'api_request_id', 'session_id', 'platform', 'model', 'provider', 'base_url', 'api_mode', 'api_call_count', 'middleware_trace', 'telemetry_schema_version', 'middleware_schema_version']
messages count: 512
last message: {"output": "Fixed line 2\nDone", "exit_code": 0, "error": null, "approval": "Command was flagged (script execution via heredoc) and auto-approved by smart approval."}
cfg enabled: True
classify result: simple
current model: deepseek-v4-pro, list_key: simple_models, model_list: ['deepseek-chat', 'qwen3.7-flash']
providers keys: ['deepseek-chat', 'qwen3.7-flash', 'deepseek-v4-pro', 'qwen3.7-plus']
prices keys: ['deepseek-chat', 'qwen3.7-flash', 'deepseek-v4-pro', 'qwen3.7-plus']
CANDIDATE deepseek-chat price=0.14
CANDIDATE qwen3.7-flash price=0.1
candidates count: 2
trying candidates: ['qwen3.7-flash', 'deepseek-chat']
--- try #1: qwen3.7-flash ---
SUCCESS! model=qwen3.7-flash choices=1
=== on_llm_execution ENTER ===
request type: dict
context keys: ['original_request', 'task_id', 'turn_id', 'api_request_id', 'session_id', 'platform', 'model', 'provider', 'base_url', 'api_mode', 'api_call_count', 'middleware_trace', 'telemetry_schema_version', 'middleware_schema_version']
messages count: 514
last message: {"content": "1|model:\n2|  default: qwen3.7-flash\n3|  provider: custom\n4|  base_url: https://ws-259ekv5sjk9xfvw6.cn-beijing.maas.aliyuncs.com/compatible-mode/v1\n5|  api_key: sk-ws-H.EIMRYLX.Kqqo.ME
cfg enabled: True
classify result: simple
current model: deepseek-v4-pro, list_key: simple_models, model_list: ['deepseek-chat', 'qwen3.7-flash']
providers keys: ['deepseek-chat', 'qwen3.7-flash', 'deepseek-v4-pro', 'qwen3.7-plus']
prices keys: ['deepseek-chat', 'qwen3.7-flash', 'deepseek-v4-pro', 'qwen3.7-plus']
CANDIDATE deepseek-chat price=0.14
CANDIDATE qwen3.7-flash price=0.1
candidates count: 2
trying candidates: ['qwen3.7-flash', 'deepseek-chat']
--- try #1: qwen3.7-flash ---
SUCCESS! model=qwen3.7-flash choices=1
=== on_llm_execution ENTER ===
request type: dict
context keys: ['original_request', 'task_id', 'turn_id', 'api_request_id', 'session_id', 'platform', 'model', 'provider', 'base_url', 'api_mode', 'api_call_count', 'middleware_trace', 'telemetry_schema_version', 'middleware_schema_version']
messages count: 516
last message: 你好
cfg enabled: True
classify result: simple
current model: deepseek-v4-pro, list_key: simple_models, model_list: ['deepseek-chat', 'qwen3.7-flash']
providers keys: ['deepseek-chat', 'qwen3.7-flash', 'deepseek-v4-pro', 'qwen3.7-plus']
prices keys: ['deepseek-chat', 'qwen3.7-flash', 'deepseek-v4-pro', 'qwen3.7-plus']
CANDIDATE deepseek-chat price=0.14
CANDIDATE qwen3.7-flash price=0.1
candidates count: 2
trying candidates: ['qwen3.7-flash', 'deepseek-chat']
--- try #1: qwen3.7-flash ---
SUCCESS! model=qwen3.7-flash choices=1
=== on_llm_execution ENTER ===
request type: dict
context keys: ['original_request', 'task_id', 'turn_id', 'api_request_id', 'session_id', 'platform', 'model', 'provider', 'base_url', 'api_mode', 'api_call_count', 'middleware_trace', 'telemetry_schema_version', 'middleware_schema_version']
messages count: 518
last message: {"content": "1|=== on_llm_execution ENTER ===\n2|request type: dict\n3|context keys: ['original_request', 'task_id', 'turn_id', 'api_request_id', 'session_id', 'platform', 'model', 'provider', 'base_u
cfg enabled: True
classify result: simple
current model: deepseek-v4-pro, list_key: simple_models, model_list: ['deepseek-chat', 'qwen3.7-flash']
providers keys: ['deepseek-chat', 'qwen3.7-flash', 'deepseek-v4-pro', 'qwen3.7-plus']
prices keys: ['deepseek-chat', 'qwen3.7-flash', 'deepseek-v4-pro', 'qwen3.7-plus']
CANDIDATE deepseek-chat price=0.14
CANDIDATE qwen3.7-flash price=0.1
candidates count: 2
trying candidates: ['qwen3.7-flash', 'deepseek-chat']
--- try #1: qwen3.7-flash ---
SUCCESS! model=qwen3.7-flash choices=1
=== on_llm_execution ENTER ===
request type: dict
context keys: ['original_request', 'task_id', 'turn_id', 'api_request_id', 'session_id', 'platform', 'model', 'provider', 'base_url', 'api_mode', 'api_call_count', 'middleware_trace', 'telemetry_schema_version', 'middleware_schema_version']
messages count: 520
last message: {"output": "request type: dict\ncontext keys: ['original_request', 'task_id', 'turn_id', 'api_request_id', 'session_id', 'platform', 'model', 'provider', 'base_url', 'api_mode', 'api_call_count', 'mid
cfg enabled: True
classify result: simple
current model: deepseek-v4-pro, list_key: simple_models, model_list: ['deepseek-chat', 'qwen3.7-flash']
providers keys: ['deepseek-chat', 'qwen3.7-flash', 'deepseek-v4-pro', 'qwen3.7-plus']
prices keys: ['deepseek-chat', 'qwen3.7-flash', 'deepseek-v4-pro', 'qwen3.7-plus']
CANDIDATE deepseek-chat price=0.14
CANDIDATE qwen3.7-flash price=0.1
candidates count: 2
trying candidates: ['qwen3.7-flash', 'deepseek-chat']
--- try #1: qwen3.7-flash ---
SUCCESS! model=qwen3.7-flash choices=1
=== on_llm_execution ENTER ===
request type: dict
context keys: ['original_request', 'task_id', 'turn_id', 'api_request_id', 'session_id', 'platform', 'model', 'provider', 'base_url', 'api_mode', 'api_call_count', 'middleware_trace', 'telemetry_schema_version', 'middleware_schema_version']
messages count: 522
last message: Review the conversation above and update the skill library. Be ACTIVE — most sessions produce at least one skill update, even if small. A pass that does nothing is a missed learning opportunity, not a
cfg enabled: True
classify result: simple
current model: deepseek-v4-pro, list_key: simple_models, model_list: ['deepseek-chat', 'qwen3.7-flash']
providers keys: ['deepseek-chat', 'qwen3.7-flash', 'deepseek-v4-pro', 'qwen3.7-plus']
prices keys: ['deepseek-chat', 'qwen3.7-flash', 'deepseek-v4-pro', 'qwen3.7-plus']
CANDIDATE deepseek-chat price=0.14
CANDIDATE qwen3.7-flash price=0.1
candidates count: 2
trying candidates: ['qwen3.7-flash', 'deepseek-chat']
--- try #1: qwen3.7-flash ---
SUCCESS! model=qwen3.7-flash choices=1
=== on_llm_execution ENTER ===
request type: dict
context keys: ['original_request', 'task_id', 'turn_id', 'api_request_id', 'session_id', 'platform', 'model', 'provider', 'base_url', 'api_mode', 'api_call_count', 'middleware_trace', 'telemetry_schema_version', 'middleware_schema_version']
messages count: 524
last message: {"success": true, "name": "hermes-agent", "description": "Configure, extend, or contribute to Hermes Agent.", "tags": ["hermes", "setup", "configuration", "multi-agent", "spawning", "cli", "gateway", 
cfg enabled: True
classify result: simple
current model: deepseek-v4-pro, list_key: simple_models, model_list: ['deepseek-chat', 'qwen3.7-flash']
providers keys: ['deepseek-chat', 'qwen3.7-flash', 'deepseek-v4-pro', 'qwen3.7-plus']
prices keys: ['deepseek-chat', 'qwen3.7-flash', 'deepseek-v4-pro', 'qwen3.7-plus']
CANDIDATE deepseek-chat price=0.14
CANDIDATE qwen3.7-flash price=0.1
candidates count: 2
trying candidates: ['qwen3.7-flash', 'deepseek-chat']
--- try #1: qwen3.7-flash ---
SUCCESS! model=qwen3.7-flash choices=1
=== on_llm_execution ENTER ===
request type: dict
context keys: ['original_request', 'task_id', 'turn_id', 'api_request_id', 'session_id', 'platform', 'model', 'provider', 'base_url', 'api_mode', 'api_call_count', 'middleware_trace', 'telemetry_schema_version', 'middleware_schema_version']
messages count: 526
last message: {"success": false, "error": "Refusing background curator patch for bundled skill 'hermes-agent'."}
cfg enabled: True
classify result: simple
current model: deepseek-v4-pro, list_key: simple_models, model_list: ['deepseek-chat', 'qwen3.7-flash']
providers keys: ['deepseek-chat', 'qwen3.7-flash', 'deepseek-v4-pro', 'qwen3.7-plus']
prices keys: ['deepseek-chat', 'qwen3.7-flash', 'deepseek-v4-pro', 'qwen3.7-plus']
CANDIDATE deepseek-chat price=0.14
CANDIDATE qwen3.7-flash price=0.1
candidates count: 2
trying candidates: ['qwen3.7-flash', 'deepseek-chat']
--- try #1: qwen3.7-flash ---
SUCCESS! model=qwen3.7-flash choices=1
=== on_llm_execution ENTER ===
request type: dict
context keys: ['original_request', 'task_id', 'turn_id', 'api_request_id', 'session_id', 'platform', 'model', 'provider', 'base_url', 'api_mode', 'api_call_count', 'middleware_trace', 'telemetry_schema_version', 'middleware_schema_version']
messages count: 528
last message: {"success": true, "name": "hermes-plugin-development", "description": "开发 Hermes Agent 插件——从零搭建、discovery 链路、middleware 注册。", "tags": ["hermes", "plugin", "middleware", "development"], "related_skills
cfg enabled: True
classify result: simple
current model: deepseek-v4-pro, list_key: simple_models, model_list: ['deepseek-chat', 'qwen3.7-flash']
providers keys: ['deepseek-chat', 'qwen3.7-flash', 'deepseek-v4-pro', 'qwen3.7-plus']
prices keys: ['deepseek-chat', 'qwen3.7-flash', 'deepseek-v4-pro', 'qwen3.7-plus']
CANDIDATE deepseek-chat price=0.14
CANDIDATE qwen3.7-flash price=0.1
candidates count: 2
trying candidates: ['qwen3.7-flash', 'deepseek-chat']
--- try #1: qwen3.7-flash ---
SUCCESS! model=qwen3.7-flash choices=1
=== on_llm_execution ENTER ===
request type: dict
context keys: ['original_request', 'task_id', 'turn_id', 'api_request_id', 'session_id', 'platform', 'model', 'provider', 'base_url', 'api_mode', 'api_call_count', 'middleware_trace', 'telemetry_schema_version', 'middleware_schema_version']
messages count: 530
last message: {"success": true, "message": "Patched SKILL.md in skill 'hermes-plugin-development' (1 replacement).", "_change": {"old": "- 中文消息 `split()` 不按词分（中文词间无空格），所以中文编程关键词（\"写一个\"、\"函数\"、\"调试\"）必须加进复杂信号列表，长消息
cfg enabled: True
classify result: simple
current model: deepseek-v4-pro, list_key: simple_models, model_list: ['deepseek-chat', 'qwen3.7-flash']
providers keys: ['deepseek-chat', 'qwen3.7-flash', 'deepseek-v4-pro', 'qwen3.7-plus']
prices keys: ['deepseek-chat', 'qwen3.7-flash', 'deepseek-v4-pro', 'qwen3.7-plus']
CANDIDATE deepseek-chat price=0.14
CANDIDATE qwen3.7-flash price=0.1
candidates count: 2
trying candidates: ['qwen3.7-flash', 'deepseek-chat']
--- try #1: qwen3.7-flash ---
SUCCESS! model=qwen3.7-flash choices=1
=== on_llm_execution ENTER ===
request type: dict
context keys: ['original_request', 'task_id', 'turn_id', 'api_request_id', 'session_id', 'platform', 'model', 'provider', 'base_url', 'api_mode', 'api_call_count', 'middleware_trace', 'telemetry_schema_version', 'middleware_schema_version']
messages count: 532
last message: {"success": true, "message": "File 'references/middleware-debugging.md' written to skill 'hermes-plugin-development'.", "path": "/home/linzizhou/.hermes/skills/software-development/hermes-plugin-devel
cfg enabled: True
classify result: simple
current model: deepseek-v4-pro, list_key: simple_models, model_list: ['deepseek-chat', 'qwen3.7-flash']
providers keys: ['deepseek-chat', 'qwen3.7-flash', 'deepseek-v4-pro', 'qwen3.7-plus']
prices keys: ['deepseek-chat', 'qwen3.7-flash', 'deepseek-v4-pro', 'qwen3.7-plus']
CANDIDATE deepseek-chat price=0.14
CANDIDATE qwen3.7-flash price=0.1
candidates count: 2
trying candidates: ['qwen3.7-flash', 'deepseek-chat']
--- try #1: qwen3.7-flash ---
SUCCESS! model=qwen3.7-flash choices=1
=== on_llm_execution ENTER ===
request type: dict
context keys: ['original_request', 'task_id', 'turn_id', 'api_request_id', 'session_id', 'platform', 'model', 'provider', 'base_url', 'api_mode', 'api_call_count', 'middleware_trace', 'telemetry_schema_version', 'middleware_schema_version']
messages count: 534
last message: {"success": true, "message": "Patched SKILL.md in skill 'hermes-plugin-development' (1 replacement).", "_change": {"old": "### 四种 Middleware 类型及分工\n\n| 类型 | Hermes 自己用 | 设计意图 |\n|------|-------------|
cfg enabled: True
classify result: simple
current model: deepseek-v4-pro, list_key: simple_models, model_list: ['deepseek-chat', 'qwen3.7-flash']
providers keys: ['deepseek-chat', 'qwen3.7-flash', 'deepseek-v4-pro', 'qwen3.7-plus']
prices keys: ['deepseek-chat', 'qwen3.7-flash', 'deepseek-v4-pro', 'qwen3.7-plus']
CANDIDATE deepseek-chat price=0.14
CANDIDATE qwen3.7-flash price=0.1
candidates count: 2
trying candidates: ['qwen3.7-flash', 'deepseek-chat']
--- try #1: qwen3.7-flash ---
FAILED qwen3.7-flash: Error code: 403 - {'error': {'message': 'Access to model denied. Please make sure you are eligible for using the model.', 'id': 'a50d9fef-ad0b-917c-9874-c6d11a13c3de', 'type': 'AccessDenied.Unpurchased', 'code': 'AccessDenied.Unpurchased'}}
--- try #2: deepseek-chat ---
SUCCESS! model=deepseek-v4-flash choices=1
=== on_llm_execution ENTER ===
request type: dict
context keys: ['original_request', 'task_id', 'turn_id', 'api_request_id', 'session_id', 'platform', 'model', 'provider', 'base_url', 'api_mode', 'api_call_count', 'middleware_trace', 'telemetry_schema_version', 'middleware_schema_version']
messages count: 522
last message: ⚕ deepseek-v4-pro │ 169K/1M │ [██░░░░░░░░] 17% │ 6m │ ⏲ 12s │ ✓ 1m 
我说完你好，还是显示这个啊，这怎么改啊
cfg enabled: True
classify result: simple
current model: deepseek-v4-pro, list_key: simple_models, model_list: ['deepseek-chat', 'qwen3.7-flash']
providers keys: ['deepseek-chat', 'qwen3.7-flash', 'deepseek-v4-pro', 'qwen3.7-plus']
prices keys: ['deepseek-chat', 'qwen3.7-flash', 'deepseek-v4-pro', 'qwen3.7-plus']
CANDIDATE deepseek-chat price=0.14
CANDIDATE qwen3.7-flash price=0.1
candidates count: 2
trying candidates: ['qwen3.7-flash', 'deepseek-chat']
--- try #1: qwen3.7-flash ---
FAILED qwen3.7-flash: Error code: 403 - {'error': {'message': 'Access to model denied. Please make sure you are eligible for using the model.', 'id': '4630802e-fdd4-922a-907d-c13c58b59deb', 'type': 'AccessDenied.Unpurchased', 'code': 'AccessDenied.Unpurchased'}}
--- try #2: deepseek-chat ---
SUCCESS! model=deepseek-v4-flash choices=1
=== on_llm_execution ENTER ===
request type: dict
context keys: ['original_request', 'task_id', 'turn_id', 'api_request_id', 'session_id', 'platform', 'model', 'provider', 'base_url', 'api_mode', 'api_call_count', 'middleware_trace', 'telemetry_schema_version', 'middleware_schema_version']
messages count: 524
last message: 为什么要改这个啊  default: qwen3.7-flash
cfg enabled: True
classify result: simple
current model: deepseek-v4-pro, list_key: simple_models, model_list: ['deepseek-chat', 'qwen3.7-flash']
providers keys: ['deepseek-chat', 'qwen3.7-flash', 'deepseek-v4-pro', 'qwen3.7-plus']
prices keys: ['deepseek-chat', 'qwen3.7-flash', 'deepseek-v4-pro', 'qwen3.7-plus']
CANDIDATE deepseek-chat price=0.14
CANDIDATE qwen3.7-flash price=0.1
candidates count: 2
trying candidates: ['qwen3.7-flash', 'deepseek-chat']
--- try #1: qwen3.7-flash ---
FAILED qwen3.7-flash: Error code: 403 - {'error': {'message': 'Access to model denied. Please make sure you are eligible for using the model.', 'id': '68f0b708-117a-900a-9515-cd1a0a0f5048', 'type': 'AccessDenied.Unpurchased', 'code': 'AccessDenied.Unpurchased'}}
--- try #2: deepseek-chat ---
SUCCESS! model=deepseek-v4-flash choices=1
=== on_llm_execution ENTER ===
request type: dict
context keys: ['original_request', 'task_id', 'turn_id', 'api_request_id', 'session_id', 'platform', 'model', 'provider', 'base_url', 'api_mode', 'api_call_count', 'middleware_trace', 'telemetry_schema_version', 'middleware_schema_version']
messages count: 526
last message: 你没理解我的意思吗，我选什么模型启动hermes就显示什么模型啊，进入hermes对话界面之后，如果输入简单问题，再切换模型啊。比如说我进入hermes显示的是这个⚕ deepseek-v4-pro │ 212K/1M │ [██░░░░░░░░] 21% │ 13m │ ⏲ 8s │ ✓ 1m 
我输入你好，应该显示qwen3.7-flash啊
cfg enabled: True
classify result: simple
current model: deepseek-v4-pro, list_key: simple_models, model_list: ['deepseek-chat', 'qwen3.7-flash']
providers keys: ['deepseek-chat', 'qwen3.7-flash', 'deepseek-v4-pro', 'qwen3.7-plus']
prices keys: ['deepseek-chat', 'qwen3.7-flash', 'deepseek-v4-pro', 'qwen3.7-plus']
CANDIDATE deepseek-chat price=0.14
CANDIDATE qwen3.7-flash price=0.1
candidates count: 2
trying candidates: ['qwen3.7-flash', 'deepseek-chat']
--- try #1: qwen3.7-flash ---
FAILED qwen3.7-flash: Error code: 403 - {'error': {'message': 'Access to model denied. Please make sure you are eligible for using the model.', 'id': '5c1d954b-9ef5-9c16-8098-371c66c089a7', 'type': 'AccessDenied.Unpurchased', 'code': 'AccessDenied.Unpurchased'}}
--- try #2: deepseek-chat ---
SUCCESS! model=deepseek-v4-flash choices=1
=== on_llm_execution ENTER ===
request type: dict
context keys: ['original_request', 'task_id', 'turn_id', 'api_request_id', 'session_id', 'platform', 'model', 'provider', 'base_url', 'api_mode', 'api_call_count', 'middleware_trace', 'telemetry_schema_version', 'middleware_schema_version']
messages count: 528
last message: {"total_count": 35, "matches_format": "path-grouped: each file path on its own line, followed by indented '<line>: <content>' rows for matches in that file", "matches_text": "/home/linzizhou/Hermes_co
cfg enabled: True
classify result: simple
current model: deepseek-v4-pro, list_key: simple_models, model_list: ['deepseek-chat', 'qwen3.7-flash']
providers keys: ['deepseek-chat', 'qwen3.7-flash', 'deepseek-v4-pro', 'qwen3.7-plus']
prices keys: ['deepseek-chat', 'qwen3.7-flash', 'deepseek-v4-pro', 'qwen3.7-plus']
CANDIDATE deepseek-chat price=0.14
CANDIDATE qwen3.7-flash price=0.1
candidates count: 2
trying candidates: ['qwen3.7-flash', 'deepseek-chat']
--- try #1: qwen3.7-flash ---
FAILED qwen3.7-flash: Error code: 403 - {'error': {'message': 'Access to model denied. Please make sure you are eligible for using the model.', 'id': '39004b47-b999-9a91-83fc-d7ff27b431ba', 'type': 'AccessDenied.Unpurchased', 'code': 'AccessDenied.Unpurchased'}}
--- try #2: deepseek-chat ---
SUCCESS! model=deepseek-v4-flash choices=1
=== on_llm_execution ENTER ===
request type: dict
context keys: ['original_request', 'task_id', 'turn_id', 'api_request_id', 'session_id', 'platform', 'model', 'provider', 'base_url', 'api_mode', 'api_call_count', 'middleware_trace', 'telemetry_schema_version', 'middleware_schema_version']
messages count: 530
last message: {"total_count": 0}
cfg enabled: True
classify result: simple
current model: deepseek-v4-pro, list_key: simple_models, model_list: ['deepseek-chat', 'qwen3.7-flash']
providers keys: ['deepseek-chat', 'qwen3.7-flash', 'deepseek-v4-pro', 'qwen3.7-plus']
prices keys: ['deepseek-chat', 'qwen3.7-flash', 'deepseek-v4-pro', 'qwen3.7-plus']
CANDIDATE deepseek-chat price=0.14
CANDIDATE qwen3.7-flash price=0.1
candidates count: 2
trying candidates: ['qwen3.7-flash', 'deepseek-chat']
--- try #1: qwen3.7-flash ---
FAILED qwen3.7-flash: Error code: 403 - {'error': {'message': 'Access to model denied. Please make sure you are eligible for using the model.', 'id': 'fe326695-a19a-9790-9015-7847c62a21d7', 'type': 'AccessDenied.Unpurchased', 'code': 'AccessDenied.Unpurchased'}}
--- try #2: deepseek-chat ---
SUCCESS! model=deepseek-v4-flash choices=1
=== on_llm_execution ENTER ===
request type: dict
context keys: ['original_request', 'task_id', 'turn_id', 'api_request_id', 'session_id', 'platform', 'model', 'provider', 'base_url', 'api_mode', 'api_call_count', 'middleware_trace', 'telemetry_schema_version', 'middleware_schema_version']
messages count: 532
last message: {"total_count": 0}
cfg enabled: True
classify result: simple
current model: deepseek-v4-pro, list_key: simple_models, model_list: ['deepseek-chat', 'qwen3.7-flash']
providers keys: ['deepseek-chat', 'qwen3.7-flash', 'deepseek-v4-pro', 'qwen3.7-plus']
prices keys: ['deepseek-chat', 'qwen3.7-flash', 'deepseek-v4-pro', 'qwen3.7-plus']
CANDIDATE deepseek-chat price=0.14
CANDIDATE qwen3.7-flash price=0.1
candidates count: 2
trying candidates: ['qwen3.7-flash', 'deepseek-chat']
--- try #1: qwen3.7-flash ---
FAILED qwen3.7-flash: Error code: 403 - {'error': {'message': 'Access to model denied. Please make sure you are eligible for using the model.', 'id': 'df9fb835-1c62-9699-992e-703f2b7c549d', 'type': 'AccessDenied.Unpurchased', 'code': 'AccessDenied.Unpurchased'}}
--- try #2: deepseek-chat ---
SUCCESS! model=deepseek-v4-flash choices=1
=== on_llm_execution ENTER ===
request type: dict
context keys: ['original_request', 'task_id', 'turn_id', 'api_request_id', 'session_id', 'platform', 'model', 'provider', 'base_url', 'api_mode', 'api_call_count', 'middleware_trace', 'telemetry_schema_version', 'middleware_schema_version']
messages count: 534
last message: {"total_count": 0}
cfg enabled: True
classify result: simple
current model: deepseek-v4-pro, list_key: simple_models, model_list: ['deepseek-chat', 'qwen3.7-flash']
providers keys: ['deepseek-chat', 'qwen3.7-flash', 'deepseek-v4-pro', 'qwen3.7-plus']
prices keys: ['deepseek-chat', 'qwen3.7-flash', 'deepseek-v4-pro', 'qwen3.7-plus']
CANDIDATE deepseek-chat price=0.14
CANDIDATE qwen3.7-flash price=0.1
candidates count: 2
trying candidates: ['qwen3.7-flash', 'deepseek-chat']
--- try #1: qwen3.7-flash ---
FAILED qwen3.7-flash: Error code: 403 - {'error': {'message': 'Access to model denied. Please make sure you are eligible for using the model.', 'id': '3469cd5f-a128-94bc-9b16-6e50303a881b', 'type': 'AccessDenied.Unpurchased', 'code': 'AccessDenied.Unpurchased'}}
--- try #2: deepseek-chat ---
SUCCESS! model=deepseek-v4-flash choices=1
=== on_llm_execution ENTER ===
request type: dict
context keys: ['original_request', 'task_id', 'turn_id', 'api_request_id', 'session_id', 'platform', 'model', 'provider', 'base_url', 'api_mode', 'api_call_count', 'middleware_trace', 'telemetry_schema_version', 'middleware_schema_version']
messages count: 536
last message: {"total_count": 21, "matches_format": "path-grouped: each file path on its own line, followed by indented '<line>: <content>' rows for matches in that file", "matches_text": "/home/linzizhou/Hermes_co
cfg enabled: True
classify result: simple
current model: deepseek-v4-pro, list_key: simple_models, model_list: ['deepseek-chat', 'qwen3.7-flash']
providers keys: ['deepseek-chat', 'qwen3.7-flash', 'deepseek-v4-pro', 'qwen3.7-plus']
prices keys: ['deepseek-chat', 'qwen3.7-flash', 'deepseek-v4-pro', 'qwen3.7-plus']
CANDIDATE deepseek-chat price=0.14
CANDIDATE qwen3.7-flash price=0.1
candidates count: 2
trying candidates: ['qwen3.7-flash', 'deepseek-chat']
--- try #1: qwen3.7-flash ---
FAILED qwen3.7-flash: Error code: 403 - {'error': {'message': 'Access to model denied. Please make sure you are eligible for using the model.', 'id': '814ee5a9-8e3c-95f3-aa65-7bd6dc6db095', 'type': 'AccessDenied.Unpurchased', 'code': 'AccessDenied.Unpurchased'}}
--- try #2: deepseek-chat ---
SUCCESS! model=deepseek-v4-flash choices=1
=== on_llm_execution ENTER ===
request type: dict
context keys: ['original_request', 'task_id', 'turn_id', 'api_request_id', 'session_id', 'platform', 'model', 'provider', 'base_url', 'api_mode', 'api_call_count', 'middleware_trace', 'telemetry_schema_version', 'middleware_schema_version']
messages count: 538
last message: {"total_count": 0}
cfg enabled: True
classify result: simple
current model: deepseek-v4-pro, list_key: simple_models, model_list: ['deepseek-chat', 'qwen3.7-flash']
providers keys: ['deepseek-chat', 'qwen3.7-flash', 'deepseek-v4-pro', 'qwen3.7-plus']
prices keys: ['deepseek-chat', 'qwen3.7-flash', 'deepseek-v4-pro', 'qwen3.7-plus']
CANDIDATE deepseek-chat price=0.14
CANDIDATE qwen3.7-flash price=0.1
candidates count: 2
trying candidates: ['qwen3.7-flash', 'deepseek-chat']
--- try #1: qwen3.7-flash ---
FAILED qwen3.7-flash: Error code: 403 - {'error': {'message': 'Access to model denied. Please make sure you are eligible for using the model.', 'id': 'fa1f84ed-ad71-9c93-9691-d0aaac30e264', 'type': 'AccessDenied.Unpurchased', 'code': 'AccessDenied.Unpurchased'}}
--- try #2: deepseek-chat ---
SUCCESS! model=deepseek-v4-flash choices=1
=== on_llm_execution ENTER ===
request type: dict
context keys: ['original_request', 'task_id', 'turn_id', 'api_request_id', 'session_id', 'platform', 'model', 'provider', 'base_url', 'api_mode', 'api_call_count', 'middleware_trace', 'telemetry_schema_version', 'middleware_schema_version']
messages count: 540
last message: {"total_count": 0}
cfg enabled: True
classify result: simple
current model: deepseek-v4-pro, list_key: simple_models, model_list: ['deepseek-chat', 'qwen3.7-flash']
providers keys: ['deepseek-chat', 'qwen3.7-flash', 'deepseek-v4-pro', 'qwen3.7-plus']
prices keys: ['deepseek-chat', 'qwen3.7-flash', 'deepseek-v4-pro', 'qwen3.7-plus']
CANDIDATE deepseek-chat price=0.14
CANDIDATE qwen3.7-flash price=0.1
candidates count: 2
trying candidates: ['qwen3.7-flash', 'deepseek-chat']
--- try #1: qwen3.7-flash ---
FAILED qwen3.7-flash: Error code: 403 - {'error': {'message': 'Access to model denied. Please make sure you are eligible for using the model.', 'id': '9295a2d7-9b60-9420-a0df-e5310e3c7ab7', 'type': 'AccessDenied.Unpurchased', 'code': 'AccessDenied.Unpurchased'}}
--- try #2: deepseek-chat ---
SUCCESS! model=deepseek-v4-flash choices=1
=== on_llm_execution ENTER ===
request type: dict
context keys: ['original_request', 'task_id', 'turn_id', 'api_request_id', 'session_id', 'platform', 'model', 'provider', 'base_url', 'api_mode', 'api_call_count', 'middleware_trace', 'telemetry_schema_version', 'middleware_schema_version']
messages count: 542
last message: {"total_count": 232, "matches_format": "path-grouped: each file path on its own line, followed by indented '<line>: <content>' rows for matches in that file", "matches_text": "/home/linzizhou/Hermes_c
cfg enabled: True
classify result: simple
current model: deepseek-v4-pro, list_key: simple_models, model_list: ['deepseek-chat', 'qwen3.7-flash']
providers keys: ['deepseek-chat', 'qwen3.7-flash', 'deepseek-v4-pro', 'qwen3.7-plus']
prices keys: ['deepseek-chat', 'qwen3.7-flash', 'deepseek-v4-pro', 'qwen3.7-plus']
CANDIDATE deepseek-chat price=0.14
CANDIDATE qwen3.7-flash price=0.1
candidates count: 2
trying candidates: ['qwen3.7-flash', 'deepseek-chat']
--- try #1: qwen3.7-flash ---
FAILED qwen3.7-flash: Error code: 403 - {'error': {'message': 'Access to model denied. Please make sure you are eligible for using the model.', 'id': '372f3a14-dd3b-93f4-a285-fcb0cd06b56b', 'type': 'AccessDenied.Unpurchased', 'code': 'AccessDenied.Unpurchased'}}
--- try #2: deepseek-chat ---
SUCCESS! model=deepseek-v4-flash choices=1
=== on_llm_execution ENTER ===
request type: dict
context keys: ['original_request', 'task_id', 'turn_id', 'api_request_id', 'session_id', 'platform', 'model', 'provider', 'base_url', 'api_mode', 'api_call_count', 'middleware_trace', 'telemetry_schema_version', 'middleware_schema_version']
messages count: 544
last message: {"total_count": 0}
cfg enabled: True
classify result: simple
current model: deepseek-v4-pro, list_key: simple_models, model_list: ['deepseek-chat', 'qwen3.7-flash']
providers keys: ['deepseek-chat', 'qwen3.7-flash', 'deepseek-v4-pro', 'qwen3.7-plus']
prices keys: ['deepseek-chat', 'qwen3.7-flash', 'deepseek-v4-pro', 'qwen3.7-plus']
CANDIDATE deepseek-chat price=0.14
CANDIDATE qwen3.7-flash price=0.1
candidates count: 2
trying candidates: ['qwen3.7-flash', 'deepseek-chat']
--- try #1: qwen3.7-flash ---
FAILED qwen3.7-flash: Error code: 403 - {'error': {'message': 'Access to model denied. Please make sure you are eligible for using the model.', 'id': '8fba1484-5a1d-9f70-9e69-ef216b8fd00c', 'type': 'AccessDenied.Unpurchased', 'code': 'AccessDenied.Unpurchased'}}
--- try #2: deepseek-chat ---
SUCCESS! model=deepseek-v4-flash choices=1
=== on_llm_execution ENTER ===
request type: dict
context keys: ['original_request', 'task_id', 'turn_id', 'api_request_id', 'session_id', 'platform', 'model', 'provider', 'base_url', 'api_mode', 'api_call_count', 'middleware_trace', 'telemetry_schema_version', 'middleware_schema_version']
messages count: 546
last message: {"total_count": 227, "matches_format": "path-grouped: each file path on its own line, followed by indented '<line>: <content>' rows for matches in that file", "matches_text": "/home/linzizhou/Hermes_c
cfg enabled: True
classify result: simple
current model: deepseek-v4-pro, list_key: simple_models, model_list: ['deepseek-chat', 'qwen3.7-flash']
providers keys: ['deepseek-chat', 'qwen3.7-flash', 'deepseek-v4-pro', 'qwen3.7-plus']
prices keys: ['deepseek-chat', 'qwen3.7-flash', 'deepseek-v4-pro', 'qwen3.7-plus']
CANDIDATE deepseek-chat price=0.14
CANDIDATE qwen3.7-flash price=0.1
candidates count: 2
trying candidates: ['qwen3.7-flash', 'deepseek-chat']
--- try #1: qwen3.7-flash ---
FAILED qwen3.7-flash: Error code: 403 - {'error': {'message': 'Access to model denied. Please make sure you are eligible for using the model.', 'id': '53294a0e-1c93-933a-b3d7-71d0e5cd0b9d', 'type': 'AccessDenied.Unpurchased', 'code': 'AccessDenied.Unpurchased'}}
--- try #2: deepseek-chat ---
SUCCESS! model=deepseek-v4-flash choices=1
=== on_llm_execution ENTER ===
request type: dict
context keys: ['original_request', 'task_id', 'turn_id', 'api_request_id', 'session_id', 'platform', 'model', 'provider', 'base_url', 'api_mode', 'api_call_count', 'middleware_trace', 'telemetry_schema_version', 'middleware_schema_version']
messages count: 548
last message: {"total_count": 0}
cfg enabled: True
classify result: simple
current model: deepseek-v4-pro, list_key: simple_models, model_list: ['deepseek-chat', 'qwen3.7-flash']
providers keys: ['deepseek-chat', 'qwen3.7-flash', 'deepseek-v4-pro', 'qwen3.7-plus']
prices keys: ['deepseek-chat', 'qwen3.7-flash', 'deepseek-v4-pro', 'qwen3.7-plus']
CANDIDATE deepseek-chat price=0.14
CANDIDATE qwen3.7-flash price=0.1
candidates count: 2
trying candidates: ['qwen3.7-flash', 'deepseek-chat']
--- try #1: qwen3.7-flash ---
FAILED qwen3.7-flash: Error code: 403 - {'error': {'message': 'Access to model denied. Please make sure you are eligible for using the model.', 'id': '492c0527-75f8-90c8-ae10-27d1a8ff20b6', 'type': 'AccessDenied.Unpurchased', 'code': 'AccessDenied.Unpurchased'}}
--- try #2: deepseek-chat ---
SUCCESS! model=deepseek-v4-flash choices=1
=== on_llm_execution ENTER ===
request type: dict
context keys: ['original_request', 'task_id', 'turn_id', 'api_request_id', 'session_id', 'platform', 'model', 'provider', 'base_url', 'api_mode', 'api_call_count', 'middleware_trace', 'telemetry_schema_version', 'middleware_schema_version']
messages count: 550
last message: {"total_count": 235, "matches_format": "path-grouped: each file path on its own line, followed by indented '<line>: <content>' rows for matches in that file", "matches_text": "/home/linzizhou/Hermes_c
cfg enabled: True
classify result: simple
current model: deepseek-v4-pro, list_key: simple_models, model_list: ['deepseek-chat', 'qwen3.7-flash']
providers keys: ['deepseek-chat', 'qwen3.7-flash', 'deepseek-v4-pro', 'qwen3.7-plus']
prices keys: ['deepseek-chat', 'qwen3.7-flash', 'deepseek-v4-pro', 'qwen3.7-plus']
CANDIDATE deepseek-chat price=0.14
CANDIDATE qwen3.7-flash price=0.1
candidates count: 2
trying candidates: ['qwen3.7-flash', 'deepseek-chat']
--- try #1: qwen3.7-flash ---
FAILED qwen3.7-flash: Error code: 403 - {'error': {'message': 'Access to model denied. Please make sure you are eligible for using the model.', 'id': 'a27bd159-d66f-9dde-8346-ff50cf91643c', 'type': 'AccessDenied.Unpurchased', 'code': 'AccessDenied.Unpurchased'}}
--- try #2: deepseek-chat ---
SUCCESS! model=deepseek-v4-flash choices=1
=== on_llm_execution ENTER ===
request type: dict
context keys: ['original_request', 'task_id', 'turn_id', 'api_request_id', 'session_id', 'platform', 'model', 'provider', 'base_url', 'api_mode', 'api_call_count', 'middleware_trace', 'telemetry_schema_version', 'middleware_schema_version']
messages count: 552
last message: {"total_count": 0}
cfg enabled: True
classify result: simple
current model: deepseek-v4-pro, list_key: simple_models, model_list: ['deepseek-chat', 'qwen3.7-flash']
providers keys: ['deepseek-chat', 'qwen3.7-flash', 'deepseek-v4-pro', 'qwen3.7-plus']
prices keys: ['deepseek-chat', 'qwen3.7-flash', 'deepseek-v4-pro', 'qwen3.7-plus']
CANDIDATE deepseek-chat price=0.14
CANDIDATE qwen3.7-flash price=0.1
candidates count: 2
trying candidates: ['qwen3.7-flash', 'deepseek-chat']
--- try #1: qwen3.7-flash ---
FAILED qwen3.7-flash: Error code: 403 - {'error': {'message': 'Access to model denied. Please make sure you are eligible for using the model.', 'id': '506dfb05-cb89-91cc-a679-969bcbc6667f', 'type': 'AccessDenied.Unpurchased', 'code': 'AccessDenied.Unpurchased'}}
--- try #2: deepseek-chat ---
SUCCESS! model=deepseek-v4-flash choices=1
=== on_llm_execution ENTER ===
request type: dict
context keys: ['original_request', 'task_id', 'turn_id', 'api_request_id', 'session_id', 'platform', 'model', 'provider', 'base_url', 'api_mode', 'api_call_count', 'middleware_trace', 'telemetry_schema_version', 'middleware_schema_version']
messages count: 554
last message: {"total_count": 0, "error": "Path not found: /home/linzizhou/Hermes_code/hermes-agent/ui-tui/src/store"}
cfg enabled: True
classify result: simple
current model: deepseek-v4-pro, list_key: simple_models, model_list: ['deepseek-chat', 'qwen3.7-flash']
providers keys: ['deepseek-chat', 'qwen3.7-flash', 'deepseek-v4-pro', 'qwen3.7-plus']
prices keys: ['deepseek-chat', 'qwen3.7-flash', 'deepseek-v4-pro', 'qwen3.7-plus']
CANDIDATE deepseek-chat price=0.14
CANDIDATE qwen3.7-flash price=0.1
candidates count: 2
trying candidates: ['qwen3.7-flash', 'deepseek-chat']
--- try #1: qwen3.7-flash ---
FAILED qwen3.7-flash: Error code: 403 - {'error': {'message': 'Access to model denied. Please make sure you are eligible for using the model.', 'id': 'ccb36423-ab3c-9567-8bef-2235af458c96', 'type': 'AccessDenied.Unpurchased', 'code': 'AccessDenied.Unpurchased'}}
--- try #2: deepseek-chat ---
SUCCESS! model=deepseek-v4-flash choices=1
=== on_llm_execution ENTER ===
request type: dict
context keys: ['original_request', 'task_id', 'turn_id', 'api_request_id', 'session_id', 'platform', 'model', 'provider', 'base_url', 'api_mode', 'api_call_count', 'middleware_trace', 'telemetry_schema_version', 'middleware_schema_version']
messages count: 556
last message: {"total_count": 226, "matches_format": "path-grouped: each file path on its own line, followed by indented '<line>: <content>' rows for matches in that file", "matches_text": "/home/linzizhou/Hermes_c
cfg enabled: True
classify result: simple
current model: deepseek-v4-pro, list_key: simple_models, model_list: ['deepseek-chat', 'qwen3.7-flash']
providers keys: ['deepseek-chat', 'qwen3.7-flash', 'deepseek-v4-pro', 'qwen3.7-plus']
prices keys: ['deepseek-chat', 'qwen3.7-flash', 'deepseek-v4-pro', 'qwen3.7-plus']
CANDIDATE deepseek-chat price=0.14
CANDIDATE qwen3.7-flash price=0.1
candidates count: 2
trying candidates: ['qwen3.7-flash', 'deepseek-chat']
--- try #1: qwen3.7-flash ---
FAILED qwen3.7-flash: Error code: 403 - {'error': {'message': 'Access to model denied. Please make sure you are eligible for using the model.', 'id': '88f48f1f-7918-976e-92ea-2bdb3cd7808f', 'type': 'AccessDenied.Unpurchased', 'code': 'AccessDenied.Unpurchased'}}
--- try #2: deepseek-chat ---
SUCCESS! model=deepseek-v4-flash choices=1
=== on_llm_execution ENTER ===
request type: dict
context keys: ['original_request', 'task_id', 'turn_id', 'api_request_id', 'session_id', 'platform', 'model', 'provider', 'base_url', 'api_mode', 'api_call_count', 'middleware_trace', 'telemetry_schema_version', 'middleware_schema_version']
messages count: 558
last message: {"total_count": 0}
cfg enabled: True
classify result: simple
current model: deepseek-v4-pro, list_key: simple_models, model_list: ['deepseek-chat', 'qwen3.7-flash']
providers keys: ['deepseek-chat', 'qwen3.7-flash', 'deepseek-v4-pro', 'qwen3.7-plus']
prices keys: ['deepseek-chat', 'qwen3.7-flash', 'deepseek-v4-pro', 'qwen3.7-plus']
CANDIDATE deepseek-chat price=0.14
CANDIDATE qwen3.7-flash price=0.1
candidates count: 2
trying candidates: ['qwen3.7-flash', 'deepseek-chat']
--- try #1: qwen3.7-flash ---
FAILED qwen3.7-flash: Error code: 403 - {'error': {'message': 'Access to model denied. Please make sure you are eligible for using the model.', 'id': 'e6171a85-c3d0-95a8-9cb5-f3f15a61f0f4', 'type': 'AccessDenied.Unpurchased', 'code': 'AccessDenied.Unpurchased'}}
--- try #2: deepseek-chat ---
SUCCESS! model=deepseek-v4-flash choices=1
=== on_llm_execution ENTER ===
request type: dict
context keys: ['original_request', 'task_id', 'turn_id', 'api_request_id', 'session_id', 'platform', 'model', 'provider', 'base_url', 'api_mode', 'api_call_count', 'middleware_trace', 'telemetry_schema_version', 'middleware_schema_version']
messages count: 560
last message: {"total_count": 0}
cfg enabled: True
classify result: simple
current model: deepseek-v4-pro, list_key: simple_models, model_list: ['deepseek-chat', 'qwen3.7-flash']
providers keys: ['deepseek-chat', 'qwen3.7-flash', 'deepseek-v4-pro', 'qwen3.7-plus']
prices keys: ['deepseek-chat', 'qwen3.7-flash', 'deepseek-v4-pro', 'qwen3.7-plus']
CANDIDATE deepseek-chat price=0.14
CANDIDATE qwen3.7-flash price=0.1
candidates count: 2
trying candidates: ['qwen3.7-flash', 'deepseek-chat']
--- try #1: qwen3.7-flash ---
FAILED qwen3.7-flash: Error code: 403 - {'error': {'message': 'Access to model denied. Please make sure you are eligible for using the model.', 'id': '7271ed29-499c-9788-84e0-019c4ca37359', 'type': 'AccessDenied.Unpurchased', 'code': 'AccessDenied.Unpurchased'}}
--- try #2: deepseek-chat ---
SUCCESS! model=deepseek-v4-flash choices=1
=== on_llm_execution ENTER ===
request type: dict
context keys: ['original_request', 'task_id', 'turn_id', 'api_request_id', 'session_id', 'platform', 'model', 'provider', 'base_url', 'api_mode', 'api_call_count', 'middleware_trace', 'telemetry_schema_version', 'middleware_schema_version']
messages count: 562
last message: {"total_count": 45, "matches_format": "path-grouped: each file path on its own line, followed by indented '<line>: <content>' rows for matches in that file", "matches_text": "/home/linzizhou/Hermes_co
cfg enabled: True
classify result: simple
current model: deepseek-v4-pro, list_key: simple_models, model_list: ['deepseek-chat', 'qwen3.7-flash']
providers keys: ['deepseek-chat', 'qwen3.7-flash', 'deepseek-v4-pro', 'qwen3.7-plus']
prices keys: ['deepseek-chat', 'qwen3.7-flash', 'deepseek-v4-pro', 'qwen3.7-plus']
CANDIDATE deepseek-chat price=0.14
CANDIDATE qwen3.7-flash price=0.1
candidates count: 2
trying candidates: ['qwen3.7-flash', 'deepseek-chat']
--- try #1: qwen3.7-flash ---
FAILED qwen3.7-flash: Error code: 403 - {'error': {'message': 'Access to model denied. Please make sure you are eligible for using the model.', 'id': 'ad383601-6424-950b-991e-9e2feb44741a', 'type': 'AccessDenied.Unpurchased', 'code': 'AccessDenied.Unpurchased'}}
--- try #2: deepseek-chat ---
SUCCESS! model=deepseek-v4-flash choices=1
=== on_llm_execution ENTER ===
request type: dict
context keys: ['original_request', 'task_id', 'turn_id', 'api_request_id', 'session_id', 'platform', 'model', 'provider', 'base_url', 'api_mode', 'api_call_count', 'middleware_trace', 'telemetry_schema_version', 'middleware_schema_version']
messages count: 564
last message: {"total_count": 236, "matches_format": "path-grouped: each file path on its own line, followed by indented '<line>: <content>' rows for matches in that file", "matches_text": "/home/linzizhou/Hermes_c
cfg enabled: True
classify result: simple
current model: deepseek-v4-pro, list_key: simple_models, model_list: ['deepseek-chat', 'qwen3.7-flash']
providers keys: ['deepseek-chat', 'qwen3.7-flash', 'deepseek-v4-pro', 'qwen3.7-plus']
prices keys: ['deepseek-chat', 'qwen3.7-flash', 'deepseek-v4-pro', 'qwen3.7-plus']
CANDIDATE deepseek-chat price=0.14
CANDIDATE qwen3.7-flash price=0.1
candidates count: 2
trying candidates: ['qwen3.7-flash', 'deepseek-chat']
--- try #1: qwen3.7-flash ---
FAILED qwen3.7-flash: Error code: 403 - {'error': {'message': 'Access to model denied. Please make sure you are eligible for using the model.', 'id': 'd463530e-bff4-92b2-85dc-3bd31f2faaa7', 'type': 'AccessDenied.Unpurchased', 'code': 'AccessDenied.Unpurchased'}}
--- try #2: deepseek-chat ---
SUCCESS! model=deepseek-v4-flash choices=1
=== on_llm_execution ENTER ===
request type: dict
context keys: ['original_request', 'task_id', 'turn_id', 'api_request_id', 'session_id', 'platform', 'model', 'provider', 'base_url', 'api_mode', 'api_call_count', 'middleware_trace', 'telemetry_schema_version', 'middleware_schema_version']
messages count: 566
last message: {"total_count": 0}
cfg enabled: True
classify result: simple
current model: deepseek-v4-pro, list_key: simple_models, model_list: ['deepseek-chat', 'qwen3.7-flash']
providers keys: ['deepseek-chat', 'qwen3.7-flash', 'deepseek-v4-pro', 'qwen3.7-plus']
prices keys: ['deepseek-chat', 'qwen3.7-flash', 'deepseek-v4-pro', 'qwen3.7-plus']
CANDIDATE deepseek-chat price=0.14
CANDIDATE qwen3.7-flash price=0.1
candidates count: 2
trying candidates: ['qwen3.7-flash', 'deepseek-chat']
--- try #1: qwen3.7-flash ---
FAILED qwen3.7-flash: Error code: 403 - {'error': {'message': 'Access to model denied. Please make sure you are eligible for using the model.', 'id': '46012c71-93d5-987f-83a5-3321aebea311', 'type': 'AccessDenied.Unpurchased', 'code': 'AccessDenied.Unpurchased'}}
--- try #2: deepseek-chat ---
SUCCESS! model=deepseek-v4-flash choices=1
=== on_llm_execution ENTER ===
request type: dict
context keys: ['original_request', 'task_id', 'turn_id', 'api_request_id', 'session_id', 'platform', 'model', 'provider', 'base_url', 'api_mode', 'api_call_count', 'middleware_trace', 'telemetry_schema_version', 'middleware_schema_version']
messages count: 568
last message: {"total_count": 231, "matches_format": "path-grouped: each file path on its own line, followed by indented '<line>: <content>' rows for matches in that file", "matches_text": "/home/linzizhou/Hermes_c
cfg enabled: True
classify result: simple
current model: deepseek-v4-pro, list_key: simple_models, model_list: ['deepseek-chat', 'qwen3.7-flash']
providers keys: ['deepseek-chat', 'qwen3.7-flash', 'deepseek-v4-pro', 'qwen3.7-plus']
prices keys: ['deepseek-chat', 'qwen3.7-flash', 'deepseek-v4-pro', 'qwen3.7-plus']
CANDIDATE deepseek-chat price=0.14
CANDIDATE qwen3.7-flash price=0.1
candidates count: 2
trying candidates: ['qwen3.7-flash', 'deepseek-chat']
--- try #1: qwen3.7-flash ---
FAILED qwen3.7-flash: Error code: 403 - {'error': {'message': 'Access to model denied. Please make sure you are eligible for using the model.', 'id': '5ca3be78-e6fd-9317-8a5c-b3966de63b22', 'type': 'AccessDenied.Unpurchased', 'code': 'AccessDenied.Unpurchased'}}
--- try #2: deepseek-chat ---
SUCCESS! model=deepseek-v4-flash choices=1
=== on_llm_execution ENTER ===
request type: dict
context keys: ['original_request', 'task_id', 'turn_id', 'api_request_id', 'session_id', 'platform', 'model', 'provider', 'base_url', 'api_mode', 'api_call_count', 'middleware_trace', 'telemetry_schema_version', 'middleware_schema_version']
messages count: 570
last message: {"total_count": 0}
cfg enabled: True
classify result: simple
current model: deepseek-v4-pro, list_key: simple_models, model_list: ['deepseek-chat', 'qwen3.7-flash']
providers keys: ['deepseek-chat', 'qwen3.7-flash', 'deepseek-v4-pro', 'qwen3.7-plus']
prices keys: ['deepseek-chat', 'qwen3.7-flash', 'deepseek-v4-pro', 'qwen3.7-plus']
CANDIDATE deepseek-chat price=0.14
CANDIDATE qwen3.7-flash price=0.1
candidates count: 2
trying candidates: ['qwen3.7-flash', 'deepseek-chat']
--- try #1: qwen3.7-flash ---
FAILED qwen3.7-flash: Error code: 403 - {'error': {'message': 'Access to model denied. Please make sure you are eligible for using the model.', 'id': 'f902fa4e-2de5-98ac-a9c4-1bb8b2524f33', 'type': 'AccessDenied.Unpurchased', 'code': 'AccessDenied.Unpurchased'}}
--- try #2: deepseek-chat ---
SUCCESS! model=deepseek-v4-flash choices=1
=== on_llm_execution ENTER ===
request type: dict
context keys: ['original_request', 'task_id', 'turn_id', 'api_request_id', 'session_id', 'platform', 'model', 'provider', 'base_url', 'api_mode', 'api_call_count', 'middleware_trace', 'telemetry_schema_version', 'middleware_schema_version']
messages count: 572
last message: {"total_count": 171, "matches_format": "path-grouped: each file path on its own line, followed by indented '<line>: <content>' rows for matches in that file", "matches_text": "/home/linzizhou/Hermes_c
cfg enabled: True
classify result: simple
current model: deepseek-v4-pro, list_key: simple_models, model_list: ['deepseek-chat', 'qwen3.7-flash']
providers keys: ['deepseek-chat', 'qwen3.7-flash', 'deepseek-v4-pro', 'qwen3.7-plus']
prices keys: ['deepseek-chat', 'qwen3.7-flash', 'deepseek-v4-pro', 'qwen3.7-plus']
CANDIDATE deepseek-chat price=0.14
CANDIDATE qwen3.7-flash price=0.1
candidates count: 2
trying candidates: ['qwen3.7-flash', 'deepseek-chat']
--- try #1: qwen3.7-flash ---
FAILED qwen3.7-flash: Error code: 403 - {'error': {'message': 'Access to model denied. Please make sure you are eligible for using the model.', 'id': '15c9727d-5786-9edd-8235-d6c5732ab5d2', 'type': 'AccessDenied.Unpurchased', 'code': 'AccessDenied.Unpurchased'}}
--- try #2: deepseek-chat ---
SUCCESS! model=deepseek-v4-flash choices=1
=== on_llm_execution ENTER ===
request type: dict
context keys: ['original_request', 'task_id', 'turn_id', 'api_request_id', 'session_id', 'platform', 'model', 'provider', 'base_url', 'api_mode', 'api_call_count', 'middleware_trace', 'telemetry_schema_version', 'middleware_schema_version']
messages count: 574
last message: {"total_count": 243, "matches_format": "path-grouped: each file path on its own line, followed by indented '<line>: <content>' rows for matches in that file", "matches_text": "/home/linzizhou/Hermes_c
cfg enabled: True
classify result: simple
current model: deepseek-v4-pro, list_key: simple_models, model_list: ['deepseek-chat', 'qwen3.7-flash']
providers keys: ['deepseek-chat', 'qwen3.7-flash', 'deepseek-v4-pro', 'qwen3.7-plus']
prices keys: ['deepseek-chat', 'qwen3.7-flash', 'deepseek-v4-pro', 'qwen3.7-plus']
CANDIDATE deepseek-chat price=0.14
CANDIDATE qwen3.7-flash price=0.1
candidates count: 2
trying candidates: ['qwen3.7-flash', 'deepseek-chat']
--- try #1: qwen3.7-flash ---
FAILED qwen3.7-flash: Error code: 403 - {'error': {'message': 'Access to model denied. Please make sure you are eligible for using the model.', 'id': 'b87c2164-9b43-93fa-9621-c0d5249ce005', 'type': 'AccessDenied.Unpurchased', 'code': 'AccessDenied.Unpurchased'}}
--- try #2: deepseek-chat ---
SUCCESS! model=deepseek-v4-flash choices=1
=== on_llm_execution ENTER ===
request type: dict
context keys: ['original_request', 'task_id', 'turn_id', 'api_request_id', 'session_id', 'platform', 'model', 'provider', 'base_url', 'api_mode', 'api_call_count', 'middleware_trace', 'telemetry_schema_version', 'middleware_schema_version']
messages count: 576
last message: {"total_count": 61, "matches_format": "path-grouped: each file path on its own line, followed by indented '<line>: <content>' rows for matches in that file", "matches_text": "/home/linzizhou/Hermes_co
cfg enabled: True
classify result: simple
current model: deepseek-v4-pro, list_key: simple_models, model_list: ['deepseek-chat', 'qwen3.7-flash']
providers keys: ['deepseek-chat', 'qwen3.7-flash', 'deepseek-v4-pro', 'qwen3.7-plus']
prices keys: ['deepseek-chat', 'qwen3.7-flash', 'deepseek-v4-pro', 'qwen3.7-plus']
CANDIDATE deepseek-chat price=0.14
CANDIDATE qwen3.7-flash price=0.1
candidates count: 2
trying candidates: ['qwen3.7-flash', 'deepseek-chat']
--- try #1: qwen3.7-flash ---
FAILED qwen3.7-flash: Error code: 403 - {'error': {'message': 'Access to model denied. Please make sure you are eligible for using the model.', 'id': 'b355d651-96f3-9104-97cc-573d7e6d3dce', 'type': 'AccessDenied.Unpurchased', 'code': 'AccessDenied.Unpurchased'}}
--- try #2: deepseek-chat ---
SUCCESS! model=deepseek-v4-flash choices=1
=== on_llm_execution ENTER ===
request type: dict
context keys: ['original_request', 'task_id', 'turn_id', 'api_request_id', 'session_id', 'platform', 'model', 'provider', 'base_url', 'api_mode', 'api_call_count', 'middleware_trace', 'telemetry_schema_version', 'middleware_schema_version']
messages count: 578
last message: {"total_count": 0, "error": "Search failed: grep: Unmatched ( or \\("}
cfg enabled: True
classify result: simple
current model: deepseek-v4-pro, list_key: simple_models, model_list: ['deepseek-chat', 'qwen3.7-flash']
providers keys: ['deepseek-chat', 'qwen3.7-flash', 'deepseek-v4-pro', 'qwen3.7-plus']
prices keys: ['deepseek-chat', 'qwen3.7-flash', 'deepseek-v4-pro', 'qwen3.7-plus']
CANDIDATE deepseek-chat price=0.14
CANDIDATE qwen3.7-flash price=0.1
candidates count: 2
trying candidates: ['qwen3.7-flash', 'deepseek-chat']
--- try #1: qwen3.7-flash ---
FAILED qwen3.7-flash: Error code: 403 - {'error': {'message': 'Access to model denied. Please make sure you are eligible for using the model.', 'id': '143629c9-7a09-92b3-9767-07e72a9bbe0b', 'type': 'AccessDenied.Unpurchased', 'code': 'AccessDenied.Unpurchased'}}
--- try #2: deepseek-chat ---
SUCCESS! model=deepseek-v4-flash choices=1
=== on_llm_execution ENTER ===
request type: dict
context keys: ['original_request', 'task_id', 'turn_id', 'api_request_id', 'session_id', 'platform', 'model', 'provider', 'base_url', 'api_mode', 'api_call_count', 'middleware_trace', 'telemetry_schema_version', 'middleware_schema_version']
messages count: 580
last message: {"total_count": 225, "matches_format": "path-grouped: each file path on its own line, followed by indented '<line>: <content>' rows for matches in that file", "matches_text": "/home/linzizhou/Hermes_c
cfg enabled: True
classify result: simple
current model: deepseek-v4-pro, list_key: simple_models, model_list: ['deepseek-chat', 'qwen3.7-flash']
providers keys: ['deepseek-chat', 'qwen3.7-flash', 'deepseek-v4-pro', 'qwen3.7-plus']
prices keys: ['deepseek-chat', 'qwen3.7-flash', 'deepseek-v4-pro', 'qwen3.7-plus']
CANDIDATE deepseek-chat price=0.14
CANDIDATE qwen3.7-flash price=0.1
candidates count: 2
trying candidates: ['qwen3.7-flash', 'deepseek-chat']
--- try #1: qwen3.7-flash ---
FAILED qwen3.7-flash: Error code: 403 - {'error': {'message': 'Access to model denied. Please make sure you are eligible for using the model.', 'id': 'c3499da1-35f4-9a4d-b789-eb9c6a0bfdf3', 'type': 'AccessDenied.Unpurchased', 'code': 'AccessDenied.Unpurchased'}}
--- try #2: deepseek-chat ---
SUCCESS! model=deepseek-v4-flash choices=1
=== on_llm_execution ENTER ===
request type: dict
context keys: ['original_request', 'task_id', 'turn_id', 'api_request_id', 'session_id', 'platform', 'model', 'provider', 'base_url', 'api_mode', 'api_call_count', 'middleware_trace', 'telemetry_schema_version', 'middleware_schema_version']
messages count: 582
last message: {"total_count": 22, "matches_format": "path-grouped: each file path on its own line, followed by indented '<line>: <content>' rows for matches in that file", "matches_text": "/home/linzizhou/Hermes_co
cfg enabled: True
classify result: simple
current model: deepseek-v4-pro, list_key: simple_models, model_list: ['deepseek-chat', 'qwen3.7-flash']
providers keys: ['deepseek-chat', 'qwen3.7-flash', 'deepseek-v4-pro', 'qwen3.7-plus']
prices keys: ['deepseek-chat', 'qwen3.7-flash', 'deepseek-v4-pro', 'qwen3.7-plus']
CANDIDATE deepseek-chat price=0.14
CANDIDATE qwen3.7-flash price=0.1
candidates count: 2
trying candidates: ['qwen3.7-flash', 'deepseek-chat']
--- try #1: qwen3.7-flash ---
FAILED qwen3.7-flash: Error code: 403 - {'error': {'message': 'Access to model denied. Please make sure you are eligible for using the model.', 'id': 'a31f7613-3ef7-9d4a-8d81-2c4b44bd55a6', 'type': 'AccessDenied.Unpurchased', 'code': 'AccessDenied.Unpurchased'}}
--- try #2: deepseek-chat ---
SUCCESS! model=deepseek-v4-flash choices=1
=== on_llm_execution ENTER ===
request type: dict
context keys: ['original_request', 'task_id', 'turn_id', 'api_request_id', 'session_id', 'platform', 'model', 'provider', 'base_url', 'api_mode', 'api_call_count', 'middleware_trace', 'telemetry_schema_version', 'middleware_schema_version']
messages count: 584
last message: {"total_count": 0}
cfg enabled: True
classify result: simple
current model: deepseek-v4-pro, list_key: simple_models, model_list: ['deepseek-chat', 'qwen3.7-flash']
providers keys: ['deepseek-chat', 'qwen3.7-flash', 'deepseek-v4-pro', 'qwen3.7-plus']
prices keys: ['deepseek-chat', 'qwen3.7-flash', 'deepseek-v4-pro', 'qwen3.7-plus']
CANDIDATE deepseek-chat price=0.14
CANDIDATE qwen3.7-flash price=0.1
candidates count: 2
trying candidates: ['qwen3.7-flash', 'deepseek-chat']
--- try #1: qwen3.7-flash ---
FAILED qwen3.7-flash: Error code: 403 - {'error': {'message': 'Access to model denied. Please make sure you are eligible for using the model.', 'id': '85df7a89-0e60-9084-9710-92bac1016771', 'type': 'AccessDenied.Unpurchased', 'code': 'AccessDenied.Unpurchased'}}
--- try #2: deepseek-chat ---
SUCCESS! model=deepseek-v4-flash choices=1
=== on_llm_execution ENTER ===
request type: dict
context keys: ['original_request', 'task_id', 'turn_id', 'api_request_id', 'session_id', 'platform', 'model', 'provider', 'base_url', 'api_mode', 'api_call_count', 'middleware_trace', 'telemetry_schema_version', 'middleware_schema_version']
messages count: 586
last message: {"total_count": 153, "matches_format": "path-grouped: each file path on its own line, followed by indented '<line>: <content>' rows for matches in that file", "matches_text": "/home/linzizhou/Hermes_c
cfg enabled: True
classify result: simple
current model: deepseek-v4-pro, list_key: simple_models, model_list: ['deepseek-chat', 'qwen3.7-flash']
providers keys: ['deepseek-chat', 'qwen3.7-flash', 'deepseek-v4-pro', 'qwen3.7-plus']
prices keys: ['deepseek-chat', 'qwen3.7-flash', 'deepseek-v4-pro', 'qwen3.7-plus']
CANDIDATE deepseek-chat price=0.14
CANDIDATE qwen3.7-flash price=0.1
candidates count: 2
trying candidates: ['qwen3.7-flash', 'deepseek-chat']
--- try #1: qwen3.7-flash ---
FAILED qwen3.7-flash: Error code: 403 - {'error': {'message': 'Access to model denied. Please make sure you are eligible for using the model.', 'id': '0490f782-19c7-9380-894d-42656077b5df', 'type': 'AccessDenied.Unpurchased', 'code': 'AccessDenied.Unpurchased'}}
--- try #2: deepseek-chat ---
SUCCESS! model=deepseek-v4-flash choices=1
=== on_llm_execution ENTER ===
request type: dict
context keys: ['original_request', 'task_id', 'turn_id', 'api_request_id', 'session_id', 'platform', 'model', 'provider', 'base_url', 'api_mode', 'api_call_count', 'middleware_trace', 'telemetry_schema_version', 'middleware_schema_version']
messages count: 588
last message: Review the conversation above and update the skill library. Be ACTIVE — most sessions produce at least one skill update, even if small. A pass that does nothing is a missed learning opportunity, not a
cfg enabled: True
classify result: simple
current model: deepseek-v4-pro, list_key: simple_models, model_list: ['deepseek-chat', 'qwen3.7-flash']
providers keys: ['deepseek-chat', 'qwen3.7-flash', 'deepseek-v4-pro', 'qwen3.7-plus']
prices keys: ['deepseek-chat', 'qwen3.7-flash', 'deepseek-v4-pro', 'qwen3.7-plus']
CANDIDATE deepseek-chat price=0.14
CANDIDATE qwen3.7-flash price=0.1
candidates count: 2
trying candidates: ['qwen3.7-flash', 'deepseek-chat']
--- try #1: qwen3.7-flash ---
FAILED qwen3.7-flash: Error code: 403 - {'error': {'message': 'Access to model denied. Please make sure you are eligible for using the model.', 'id': '4b53f8c9-2677-9655-8a67-ddf500169d69', 'type': 'AccessDenied.Unpurchased', 'code': 'AccessDenied.Unpurchased'}}
--- try #2: deepseek-chat ---
SUCCESS! model=deepseek-v4-flash choices=1
=== on_llm_execution ENTER ===
request type: dict
context keys: ['original_request', 'task_id', 'turn_id', 'api_request_id', 'session_id', 'platform', 'model', 'provider', 'base_url', 'api_mode', 'api_call_count', 'middleware_trace', 'telemetry_schema_version', 'middleware_schema_version']
messages count: 590
last message: {"success": true, "skills": [{"name": "computer-use", "description": "Drive the user's desktop in the background — clicking, typing,\nscrolling, dragging — without stealing the cursor, keyboard focus,
cfg enabled: True
classify result: simple
current model: deepseek-v4-pro, list_key: simple_models, model_list: ['deepseek-chat', 'qwen3.7-flash']
providers keys: ['deepseek-chat', 'qwen3.7-flash', 'deepseek-v4-pro', 'qwen3.7-plus']
prices keys: ['deepseek-chat', 'qwen3.7-flash', 'deepseek-v4-pro', 'qwen3.7-plus']
CANDIDATE deepseek-chat price=0.14
CANDIDATE qwen3.7-flash price=0.1
candidates count: 2
trying candidates: ['qwen3.7-flash', 'deepseek-chat']
--- try #1: qwen3.7-flash ---
FAILED qwen3.7-flash: Error code: 403 - {'error': {'message': 'Access to model denied. Please make sure you are eligible for using the model.', 'id': '04264018-33d6-92e3-810b-05a92ac09a4a', 'type': 'AccessDenied.Unpurchased', 'code': 'AccessDenied.Unpurchased'}}
--- try #2: deepseek-chat ---
SUCCESS! model=deepseek-v4-flash choices=1
=== on_llm_execution ENTER ===
request type: dict
context keys: ['original_request', 'task_id', 'turn_id', 'api_request_id', 'session_id', 'platform', 'model', 'provider', 'base_url', 'api_mode', 'api_call_count', 'middleware_trace', 'telemetry_schema_version', 'middleware_schema_version']
messages count: 592
last message: {"success": true, "name": "hermes-plugin-development", "description": "开发 Hermes Agent 插件——从零搭建、discovery 链路、middleware 注册。", "tags": ["hermes", "plugin", "middleware", "development"], "related_skills
cfg enabled: True
classify result: simple
current model: deepseek-v4-pro, list_key: simple_models, model_list: ['deepseek-chat', 'qwen3.7-flash']
providers keys: ['deepseek-chat', 'qwen3.7-flash', 'deepseek-v4-pro', 'qwen3.7-plus']
prices keys: ['deepseek-chat', 'qwen3.7-flash', 'deepseek-v4-pro', 'qwen3.7-plus']
CANDIDATE deepseek-chat price=0.14
CANDIDATE qwen3.7-flash price=0.1
candidates count: 2
trying candidates: ['qwen3.7-flash', 'deepseek-chat']
--- try #1: qwen3.7-flash ---
FAILED qwen3.7-flash: Error code: 403 - {'error': {'message': 'Access to model denied. Please make sure you are eligible for using the model.', 'id': 'd74278f2-9b8b-919c-8367-e7bf67ae1d32', 'type': 'AccessDenied.Unpurchased', 'code': 'AccessDenied.Unpurchased'}}
--- try #2: deepseek-chat ---
SUCCESS! model=deepseek-v4-flash choices=1
=== on_llm_execution ENTER ===
request type: dict
context keys: ['original_request', 'task_id', 'turn_id', 'api_request_id', 'session_id', 'platform', 'model', 'provider', 'base_url', 'api_mode', 'api_call_count', 'middleware_trace', 'telemetry_schema_version', 'middleware_schema_version']
messages count: 594
last message: {"success": true, "message": "Patched SKILL.md in skill 'hermes-plugin-development' (1 replacement).", "_change": {"old": "## Pitfalls", "new": "## UI 显示模型 vs 实际路由模型（架构边界）\n\n**症状：** 路由生效（debug.log 显示
cfg enabled: True
classify result: simple
current model: deepseek-v4-pro, list_key: simple_models, model_list: ['deepseek-chat', 'qwen3.7-flash']
providers keys: ['deepseek-chat', 'qwen3.7-flash', 'deepseek-v4-pro', 'qwen3.7-plus']
prices keys: ['deepseek-chat', 'qwen3.7-flash', 'deepseek-v4-pro', 'qwen3.7-plus']
CANDIDATE deepseek-chat price=0.14
CANDIDATE qwen3.7-flash price=0.1
candidates count: 2
trying candidates: ['qwen3.7-flash', 'deepseek-chat']
--- try #1: qwen3.7-flash ---
FAILED qwen3.7-flash: Error code: 403 - {'error': {'message': 'Access to model denied. Please make sure you are eligible for using the model.', 'id': '5942054e-7462-90c6-a6e8-6c1ecdcbd441', 'type': 'AccessDenied.Unpurchased', 'code': 'AccessDenied.Unpurchased'}}
--- try #2: deepseek-chat ---
SUCCESS! model=deepseek-v4-flash choices=1
=== on_llm_execution ENTER ===
request type: dict
context keys: ['original_request', 'task_id', 'turn_id', 'api_request_id', 'session_id', 'platform', 'model', 'provider', 'base_url', 'api_mode', 'api_call_count', 'middleware_trace', 'telemetry_schema_version', 'middleware_schema_version']
messages count: 596
last message: {"success": true, "message": "Patched SKILL.md in skill 'hermes-plugin-development' (1 replacement).", "_change": {"old": "- **`.env` 优先于 `config.yaml` 存 api_key。** 中间件通过 `os.environ.get(\"KEY_ENV_VAR
cfg enabled: True
classify result: simple
current model: deepseek-v4-pro, list_key: simple_models, model_list: ['deepseek-chat', 'qwen3.7-flash']
providers keys: ['deepseek-chat', 'qwen3.7-flash', 'deepseek-v4-pro', 'qwen3.7-plus']
prices keys: ['deepseek-chat', 'qwen3.7-flash', 'deepseek-v4-pro', 'qwen3.7-plus']
CANDIDATE deepseek-chat price=0.14
CANDIDATE qwen3.7-flash price=0.1
candidates count: 2
trying candidates: ['qwen3.7-flash', 'deepseek-chat']
--- try #1: qwen3.7-flash ---
FAILED qwen3.7-flash: Error code: 403 - {'error': {'message': 'Access to model denied. Please make sure you are eligible for using the model.', 'id': '13a1512f-6fff-93ff-ae4c-c6d47d968f6e', 'type': 'AccessDenied.Unpurchased', 'code': 'AccessDenied.Unpurchased'}}
--- try #2: deepseek-chat ---
SUCCESS! model=deepseek-v4-flash choices=1
=== on_llm_execution ENTER ===
request type: dict
context keys: ['original_request', 'task_id', 'turn_id', 'api_request_id', 'session_id', 'platform', 'model', 'provider', 'base_url', 'api_mode', 'api_call_count', 'middleware_trace', 'telemetry_schema_version', 'middleware_schema_version']
messages count: 598
last message: {"success": true, "name": "hermes-plugin-development", "file": "references/smart-router-architecture.md", "content": "# smart-router 价格路由完整架构（v2 实战记录）\n\n本会话开发的是 `~/.hermes/plugins/smart-router/`，一个按 
cfg enabled: True
classify result: simple
current model: deepseek-v4-pro, list_key: simple_models, model_list: ['deepseek-chat', 'qwen3.7-flash']
providers keys: ['deepseek-chat', 'qwen3.7-flash', 'deepseek-v4-pro', 'qwen3.7-plus']
prices keys: ['deepseek-chat', 'qwen3.7-flash', 'deepseek-v4-pro', 'qwen3.7-plus']
CANDIDATE deepseek-chat price=0.14
CANDIDATE qwen3.7-flash price=0.1
candidates count: 2
trying candidates: ['qwen3.7-flash', 'deepseek-chat']
--- try #1: qwen3.7-flash ---
=== on_llm_execution ENTER ===
request type: dict
context keys: ['original_request', 'task_id', 'turn_id', 'api_request_id', 'session_id', 'platform', 'model', 'provider', 'base_url', 'api_mode', 'api_call_count', 'middleware_trace', 'telemetry_schema_version', 'middleware_schema_version']
messages count: 588
last message: 你好，你现在是什么模型
cfg enabled: True
classify result: simple
current model: deepseek-v4-pro, list_key: simple_models, model_list: ['deepseek-chat', 'qwen3.7-flash']
providers keys: ['deepseek-chat', 'qwen3.7-flash', 'deepseek-v4-pro', 'qwen3.7-plus']
prices keys: ['deepseek-chat', 'qwen3.7-flash', 'deepseek-v4-pro', 'qwen3.7-plus']
CANDIDATE deepseek-chat price=0.14
CANDIDATE qwen3.7-flash price=0.1
candidates count: 2
trying candidates: ['qwen3.7-flash', 'deepseek-chat']
--- try #1: qwen3.7-flash ---
FAILED qwen3.7-flash: Error code: 403 - {'error': {'message': 'Access to model denied. Please make sure you are eligible for using the model.', 'id': 'a2c12cbd-3160-98ed-af6f-d5369885f860', 'type': 'AccessDenied.Unpurchased', 'code': 'AccessDenied.Unpurchased'}}
--- try #2: deepseek-chat ---
FAILED qwen3.7-flash: Error code: 403 - {'error': {'message': 'Access to model denied. Please make sure you are eligible for using the model.', 'id': '7ff4ddf0-fcf1-9ac3-92c2-73f9d4f4de3f', 'type': 'AccessDenied.Unpurchased', 'code': 'AccessDenied.Unpurchased'}}
--- try #2: deepseek-chat ---
SUCCESS! model=deepseek-v4-flash choices=1
=== on_llm_execution ENTER ===
request type: dict
context keys: ['original_request', 'task_id', 'turn_id', 'api_request_id', 'session_id', 'platform', 'model', 'provider', 'base_url', 'api_mode', 'api_call_count', 'middleware_trace', 'telemetry_schema_version', 'middleware_schema_version']
messages count: 590
last message: {"output": "providers keys: ['deepseek-chat', 'qwen3.7-flash', 'deepseek-v4-pro', 'qwen3.7-plus']\nprices keys: ['deepseek-chat', 'qwen3.7-flash', 'deepseek-v4-pro', 'qwen3.7-plus']\nCANDIDATE deepsee
cfg enabled: True
classify result: simple
current model: deepseek-v4-pro, list_key: simple_models, model_list: ['deepseek-chat', 'qwen3.7-flash']
providers keys: ['deepseek-chat', 'qwen3.7-flash', 'deepseek-v4-pro', 'qwen3.7-plus']
prices keys: ['deepseek-chat', 'qwen3.7-flash', 'deepseek-v4-pro', 'qwen3.7-plus']
CANDIDATE deepseek-chat price=0.14
CANDIDATE qwen3.7-flash price=0.1
candidates count: 2
trying candidates: ['qwen3.7-flash', 'deepseek-chat']
--- try #1: qwen3.7-flash ---
FAILED qwen3.7-flash: Error code: 403 - {'error': {'message': 'Access to model denied. Please make sure you are eligible for using the model.', 'id': '0244b4b3-755e-90e5-9f27-52c31e7375ac', 'type': 'AccessDenied.Unpurchased', 'code': 'AccessDenied.Unpurchased'}}
--- try #2: deepseek-chat ---
SUCCESS! model=deepseek-v4-flash choices=1
SUCCESS! model=deepseek-v4-flash choices=1
=== on_llm_execution ENTER ===
request type: dict
context keys: ['original_request', 'task_id', 'turn_id', 'api_request_id', 'session_id', 'platform', 'model', 'provider', 'base_url', 'api_mode', 'api_call_count', 'middleware_trace', 'telemetry_schema_version', 'middleware_schema_version']
messages count: 600
last message: {"success": true, "message": "Patched references/smart-router-architecture.md in skill 'hermes-plugin-development' (1 replacement).", "_change": {"old": "## config.yaml 的 smart_model_routing 段\n\n```y
cfg enabled: True
classify result: simple
current model: deepseek-v4-pro, list_key: simple_models, model_list: ['deepseek-chat', 'qwen3.7-flash']
providers keys: ['deepseek-chat', 'qwen3.7-flash', 'deepseek-v4-pro', 'qwen3.7-plus']
prices keys: ['deepseek-chat', 'qwen3.7-flash', 'deepseek-v4-pro', 'qwen3.7-plus']
CANDIDATE deepseek-chat price=0.14
CANDIDATE qwen3.7-flash price=0.1
candidates count: 2
trying candidates: ['qwen3.7-flash', 'deepseek-chat']
--- try #1: qwen3.7-flash ---
FAILED qwen3.7-flash: Error code: 403 - {'error': {'message': 'Access to model denied. Please make sure you are eligible for using the model.', 'id': 'a98949a3-cae4-9b2a-82d4-b486d2fbad5a', 'type': 'AccessDenied.Unpurchased', 'code': 'AccessDenied.Unpurchased'}}
--- try #2: deepseek-chat ---
SUCCESS! model=deepseek-v4-flash choices=1
=== on_llm_execution ENTER ===
request type: dict
context keys: ['original_request', 'task_id', 'turn_id', 'api_request_id', 'session_id', 'platform', 'model', 'provider', 'base_url', 'api_mode', 'api_call_count', 'middleware_trace', 'telemetry_schema_version', 'middleware_schema_version']
messages count: 602
last message: {"success": true, "message": "Patched references/smart-router-architecture.md in skill 'hermes-plugin-development' (1 replacement).", "_change": {"old": "排查手段（按顺序）：\n1. 直接调 `on_llm_execution(fake_requ
cfg enabled: True
classify result: simple
current model: deepseek-v4-pro, list_key: simple_models, model_list: ['deepseek-chat', 'qwen3.7-flash']
providers keys: ['deepseek-chat', 'qwen3.7-flash', 'deepseek-v4-pro', 'qwen3.7-plus']
prices keys: ['deepseek-chat', 'qwen3.7-flash', 'deepseek-v4-pro', 'qwen3.7-plus']
CANDIDATE deepseek-chat price=0.14
CANDIDATE qwen3.7-flash price=0.1
candidates count: 2
trying candidates: ['qwen3.7-flash', 'deepseek-chat']
--- try #1: qwen3.7-flash ---
FAILED qwen3.7-flash: Error code: 403 - {'error': {'message': 'Access to model denied. Please make sure you are eligible for using the model.', 'id': 'c04b61c4-9558-9997-9a21-00c78a2a55a9', 'type': 'AccessDenied.Unpurchased', 'code': 'AccessDenied.Unpurchased'}}
--- try #2: deepseek-chat ---
SUCCESS! model=deepseek-v4-flash choices=1
=== on_llm_execution ENTER ===
request type: dict
context keys: ['original_request', 'task_id', 'turn_id', 'api_request_id', 'session_id', 'platform', 'model', 'provider', 'base_url', 'api_mode', 'api_call_count', 'middleware_trace', 'telemetry_schema_version', 'middleware_schema_version']
messages count: 2
last message: [Note: model was just switched from deepseek-v4-flash to deepseek-v4-pro via DeepSeek. Adjust your self-identification accordingly.]

\
cfg enabled: True
classify result: simple
current model: deepseek-v4-pro, list_key: simple_models, model_list: ['deepseek-chat', 'qwen3.7-flash']
providers keys: ['deepseek-chat', 'qwen3.7-flash', 'deepseek-v4-pro', 'qwen3.7-plus']
prices keys: ['deepseek-chat', 'qwen3.7-flash', 'deepseek-v4-pro', 'qwen3.7-plus']
CANDIDATE deepseek-chat price=0.14
CANDIDATE qwen3.7-flash price=0.1
candidates count: 2
trying candidates: ['qwen3.7-flash', 'deepseek-chat']
--- try #1: qwen3.7-flash ---
FAILED qwen3.7-flash: Error code: 403 - {'error': {'message': 'Access to model denied. Please make sure you are eligible for using the model.', 'id': '3131b9b3-18f4-9d1a-aa56-cded1824a41b', 'type': 'AccessDenied.Unpurchased', 'code': 'AccessDenied.Unpurchased'}}
--- try #2: deepseek-chat ---
SUCCESS! model=deepseek-v4-flash choices=1
=== on_llm_execution ENTER ===
request type: dict
context keys: ['original_request', 'task_id', 'turn_id', 'api_request_id', 'session_id', 'platform', 'model', 'provider', 'base_url', 'api_mode', 'api_call_count', 'middleware_trace', 'telemetry_schema_version', 'middleware_schema_version']
messages count: 4
last message: 你好，你现在是什么模型
cfg enabled: True
classify result: simple
current model: deepseek-v4-pro, list_key: simple_models, model_list: ['deepseek-chat', 'qwen3.7-flash']
providers keys: ['deepseek-chat', 'qwen3.7-flash', 'deepseek-v4-pro', 'qwen3.7-plus']
prices keys: ['deepseek-chat', 'qwen3.7-flash', 'deepseek-v4-pro', 'qwen3.7-plus']
CANDIDATE deepseek-chat price=0.14
CANDIDATE qwen3.7-flash price=0.1
candidates count: 2
trying candidates: ['qwen3.7-flash', 'deepseek-chat']
--- try #1: qwen3.7-flash ---
FAILED qwen3.7-flash: Error code: 403 - {'error': {'message': 'Access to model denied. Please make sure you are eligible for using the model.', 'id': '7e3aca1c-8e57-989f-b2bb-f54340161352', 'type': 'AccessDenied.Unpurchased', 'code': 'AccessDenied.Unpurchased'}}
--- try #2: deepseek-chat ---
SUCCESS! model=deepseek-v4-flash choices=1
=== on_llm_execution ENTER ===
request type: dict
context keys: ['original_request', 'task_id', 'turn_id', 'api_request_id', 'session_id', 'platform', 'model', 'provider', 'base_url', 'api_mode', 'api_call_count', 'middleware_trace', 'telemetry_schema_version', 'middleware_schema_version']
messages count: 6
last message: linzizhou@linzizhou-VirtualBox:~/.hermes/plugins/smart-router$ 
我这个项目感觉实现不了啊，你看看
cfg enabled: True
classify result: complex
current model: deepseek-v4-pro, list_key: complex_models, model_list: ['deepseek-v4-pro', 'qwen3.7-plus']
providers keys: ['deepseek-chat', 'qwen3.7-flash', 'deepseek-v4-pro', 'qwen3.7-plus']
prices keys: ['deepseek-chat', 'qwen3.7-flash', 'deepseek-v4-pro', 'qwen3.7-plus']
SKIP deepseek-v4-pro: same as current
CANDIDATE qwen3.7-plus price=0.6
candidates count: 1
trying candidates: ['qwen3.7-plus']
--- try #1: qwen3.7-plus ---
FAILED qwen3.7-plus: Error code: 403 - {'error': {'message': 'Access to model denied. Please make sure you are eligible for using the model.', 'id': 'e2124366-20f9-9b8e-b770-edb1c44e1b45', 'type': 'AccessDenied.Unpurchased', 'code': 'AccessDenied.Unpurchased'}}
FALLBACK: all failed
=== on_llm_execution ENTER ===
request type: dict
context keys: ['original_request', 'task_id', 'turn_id', 'api_request_id', 'session_id', 'platform', 'model', 'provider', 'base_url', 'api_mode', 'api_call_count', 'middleware_trace', 'telemetry_schema_version', 'middleware_schema_version']
messages count: 8
last message: {"total_count": 13, "files": ["/home/linzizhou/.hermes/plugins/smart-router/debug.log", "/home/linzizhou/.hermes/plugins/smart-router/__pycache__/__init__.cpython-312.pyc", "/home/linzizhou/.hermes/pl
cfg enabled: True
classify result: complex
current model: deepseek-v4-pro, list_key: complex_models, model_list: ['deepseek-v4-pro', 'qwen3.7-plus']
providers keys: ['deepseek-chat', 'qwen3.7-flash', 'deepseek-v4-pro', 'qwen3.7-plus']
prices keys: ['deepseek-chat', 'qwen3.7-flash', 'deepseek-v4-pro', 'qwen3.7-plus']
SKIP deepseek-v4-pro: same as current
CANDIDATE qwen3.7-plus price=0.6
candidates count: 1
trying candidates: ['qwen3.7-plus']
--- try #1: qwen3.7-plus ---
FAILED qwen3.7-plus: Error code: 403 - {'error': {'message': 'Access to model denied. Please make sure you are eligible for using the model.', 'id': 'b7667f6e-f90d-96b9-b867-b8b58bb7fc69', 'type': 'AccessDenied.Unpurchased', 'code': 'AccessDenied.Unpurchased'}}
FALLBACK: all failed
=== on_llm_execution ENTER ===
request type: dict
context keys: ['original_request', 'task_id', 'turn_id', 'api_request_id', 'session_id', 'platform', 'model', 'provider', 'base_url', 'api_mode', 'api_call_count', 'middleware_trace', 'telemetry_schema_version', 'middleware_schema_version']
messages count: 17
last message: {"content": "1|=== on_llm_execution ENTER ===\n2|request type: dict\n3|context keys: ['original_request', 'task_id', 'turn_id', 'api_request_id', 'session_id', 'platform', 'model', 'provider', 'base_u
cfg enabled: True
classify result: complex
current model: deepseek-v4-pro, list_key: complex_models, model_list: ['deepseek-v4-pro', 'qwen3.7-plus']
providers keys: ['deepseek-chat', 'qwen3.7-flash', 'deepseek-v4-pro', 'qwen3.7-plus']
prices keys: ['deepseek-chat', 'qwen3.7-flash', 'deepseek-v4-pro', 'qwen3.7-plus']
SKIP deepseek-v4-pro: same as current
CANDIDATE qwen3.7-plus price=0.6
candidates count: 1
trying candidates: ['qwen3.7-plus']
--- try #1: qwen3.7-plus ---
FAILED qwen3.7-plus: Error code: 403 - {'error': {'message': 'Access to model denied. Please make sure you are eligible for using the model.', 'id': '30b2e68e-216e-97aa-8ebb-762666d54ff3', 'type': 'AccessDenied.Unpurchased', 'code': 'AccessDenied.Unpurchased'}}
FALLBACK: all failed
=== on_llm_execution ENTER ===
request type: dict
context keys: ['original_request', 'task_id', 'turn_id', 'api_request_id', 'session_id', 'platform', 'model', 'provider', 'base_url', 'api_mode', 'api_call_count', 'middleware_trace', 'telemetry_schema_version', 'middleware_schema_version']
messages count: 20
last message: {"total_count": 25, "matches_format": "path-grouped: each file path on its own line, followed by indented '<line>: <content>' rows for matches in that file", "matches_text": "/home/linzizhou/Hermes_co
cfg enabled: True
classify result: complex
current model: deepseek-v4-pro, list_key: complex_models, model_list: ['deepseek-v4-pro', 'qwen3.7-plus']
providers keys: ['deepseek-chat', 'qwen3.7-flash', 'deepseek-v4-pro', 'qwen3.7-plus']
prices keys: ['deepseek-chat', 'qwen3.7-flash', 'deepseek-v4-pro', 'qwen3.7-plus']
SKIP deepseek-v4-pro: same as current
CANDIDATE qwen3.7-plus price=0.6
candidates count: 1
trying candidates: ['qwen3.7-plus']
--- try #1: qwen3.7-plus ---
FAILED qwen3.7-plus: Error code: 403 - {'error': {'message': 'Access to model denied. Please make sure you are eligible for using the model.', 'id': '8d87623e-510d-9601-b76f-c508af1c693d', 'type': 'AccessDenied.Unpurchased', 'code': 'AccessDenied.Unpurchased'}}
FALLBACK: all failed
=== on_llm_execution ENTER ===
request type: dict
context keys: ['original_request', 'task_id', 'turn_id', 'api_request_id', 'session_id', 'platform', 'model', 'provider', 'base_url', 'api_mode', 'api_call_count', 'middleware_trace', 'telemetry_schema_version', 'middleware_schema_version']
messages count: 23
last message: {"content": "170|    return apply_llm_request_middleware(request, **context)\n171|\n172|\n173|def run_llm_execution_middleware(\n174|    request: Dict[str, Any],\n175|    next_call: Callable[[Dict[str
cfg enabled: True
classify result: complex
current model: deepseek-v4-pro, list_key: complex_models, model_list: ['deepseek-v4-pro', 'qwen3.7-plus']
providers keys: ['deepseek-chat', 'qwen3.7-flash', 'deepseek-v4-pro', 'qwen3.7-plus']
prices keys: ['deepseek-chat', 'qwen3.7-flash', 'deepseek-v4-pro', 'qwen3.7-plus']
SKIP deepseek-v4-pro: same as current
CANDIDATE qwen3.7-plus price=0.6
candidates count: 1
trying candidates: ['qwen3.7-plus']
--- try #1: qwen3.7-plus ---
FAILED qwen3.7-plus: Error code: 403 - {'error': {'message': 'Access to model denied. Please make sure you are eligible for using the model.', 'id': '4fec2bd6-5217-9abd-8314-106e0cad4516', 'type': 'AccessDenied.Unpurchased', 'code': 'AccessDenied.Unpurchased'}}
FALLBACK: all failed
=== on_llm_execution ENTER ===
request type: dict
context keys: ['original_request', 'task_id', 'turn_id', 'api_request_id', 'session_id', 'platform', 'model', 'provider', 'base_url', 'api_mode', 'api_call_count', 'middleware_trace', 'telemetry_schema_version', 'middleware_schema_version']
messages count: 26
last message: {"total_count": 0}
cfg enabled: True
classify result: complex
current model: deepseek-v4-pro, list_key: complex_models, model_list: ['deepseek-v4-pro', 'qwen3.7-plus']
providers keys: ['deepseek-chat', 'qwen3.7-flash', 'deepseek-v4-pro', 'qwen3.7-plus']
prices keys: ['deepseek-chat', 'qwen3.7-flash', 'deepseek-v4-pro', 'qwen3.7-plus']
SKIP deepseek-v4-pro: same as current
CANDIDATE qwen3.7-plus price=0.6
candidates count: 1
trying candidates: ['qwen3.7-plus']
--- try #1: qwen3.7-plus ---
FAILED qwen3.7-plus: Error code: 403 - {'error': {'message': 'Access to model denied. Please make sure you are eligible for using the model.', 'id': '8a8f8378-1a22-97b0-a3f5-1e6de5c07bb2', 'type': 'AccessDenied.Unpurchased', 'code': 'AccessDenied.Unpurchased'}}
FALLBACK: all failed
=== on_llm_execution ENTER ===
request type: dict
context keys: ['original_request', 'task_id', 'turn_id', 'api_request_id', 'session_id', 'platform', 'model', 'provider', 'base_url', 'api_mode', 'api_call_count', 'middleware_trace', 'telemetry_schema_version', 'middleware_schema_version']
messages count: 29
last message: {"total_count": 0}
cfg enabled: True
classify result: complex
current model: deepseek-v4-pro, list_key: complex_models, model_list: ['deepseek-v4-pro', 'qwen3.7-plus']
providers keys: ['deepseek-chat', 'qwen3.7-flash', 'deepseek-v4-pro', 'qwen3.7-plus']
prices keys: ['deepseek-chat', 'qwen3.7-flash', 'deepseek-v4-pro', 'qwen3.7-plus']
SKIP deepseek-v4-pro: same as current
CANDIDATE qwen3.7-plus price=0.6
candidates count: 1
trying candidates: ['qwen3.7-plus']
--- try #1: qwen3.7-plus ---
FAILED qwen3.7-plus: Error code: 403 - {'error': {'message': 'Access to model denied. Please make sure you are eligible for using the model.', 'id': '81ae55c9-c11f-9b72-8c79-0915683ce223', 'type': 'AccessDenied.Unpurchased', 'code': 'AccessDenied.Unpurchased'}}
FALLBACK: all failed
=== on_llm_execution ENTER ===
request type: dict
context keys: ['original_request', 'task_id', 'turn_id', 'api_request_id', 'session_id', 'platform', 'model', 'provider', 'base_url', 'api_mode', 'api_call_count', 'middleware_trace', 'telemetry_schema_version', 'middleware_schema_version']
messages count: 31
last message: {"total_count": 1, "files": ["/home/linzizhou/Hermes_code/hermes-agent/agent/conversation_loop.py"]}
cfg enabled: True
classify result: complex
current model: deepseek-v4-pro, list_key: complex_models, model_list: ['deepseek-v4-pro', 'qwen3.7-plus']
providers keys: ['deepseek-chat', 'qwen3.7-flash', 'deepseek-v4-pro', 'qwen3.7-plus']
prices keys: ['deepseek-chat', 'qwen3.7-flash', 'deepseek-v4-pro', 'qwen3.7-plus']
SKIP deepseek-v4-pro: same as current
CANDIDATE qwen3.7-plus price=0.6
candidates count: 1
trying candidates: ['qwen3.7-plus']
--- try #1: qwen3.7-plus ---
FAILED qwen3.7-plus: Error code: 403 - {'error': {'message': 'Access to model denied. Please make sure you are eligible for using the model.', 'id': 'efb4c783-b0cd-93a1-8eab-24ba1d3155fc', 'type': 'AccessDenied.Unpurchased', 'code': 'AccessDenied.Unpurchased'}}
FALLBACK: all failed
=== on_llm_execution ENTER ===
request type: dict
context keys: ['original_request', 'task_id', 'turn_id', 'api_request_id', 'session_id', 'platform', 'model', 'provider', 'base_url', 'api_mode', 'api_call_count', 'middleware_trace', 'telemetry_schema_version', 'middleware_schema_version']
messages count: 33
last message: {"total_count": 0}
cfg enabled: True
classify result: complex
current model: deepseek-v4-pro, list_key: complex_models, model_list: ['deepseek-v4-pro', 'qwen3.7-plus']
providers keys: ['deepseek-chat', 'qwen3.7-flash', 'deepseek-v4-pro', 'qwen3.7-plus']
prices keys: ['deepseek-chat', 'qwen3.7-flash', 'deepseek-v4-pro', 'qwen3.7-plus']
SKIP deepseek-v4-pro: same as current
CANDIDATE qwen3.7-plus price=0.6
candidates count: 1
trying candidates: ['qwen3.7-plus']
--- try #1: qwen3.7-plus ---
FAILED qwen3.7-plus: Error code: 403 - {'error': {'message': 'Access to model denied. Please make sure you are eligible for using the model.', 'id': 'fe882fc7-5751-984b-b6bb-ca7934e57f07', 'type': 'AccessDenied.Unpurchased', 'code': 'AccessDenied.Unpurchased'}}
FALLBACK: all failed
=== on_llm_execution ENTER ===
request type: dict
context keys: ['original_request', 'task_id', 'turn_id', 'api_request_id', 'session_id', 'platform', 'model', 'provider', 'base_url', 'api_mode', 'api_call_count', 'middleware_trace', 'telemetry_schema_version', 'middleware_schema_version']
messages count: 35
last message: {"total_count": 50, "matches_format": "path-grouped: each file path on its own line, followed by indented '<line>: <content>' rows for matches in that file", "matches_text": "/home/linzizhou/Hermes_co
cfg enabled: True
classify result: complex
current model: deepseek-v4-pro, list_key: complex_models, model_list: ['deepseek-v4-pro', 'qwen3.7-plus']
providers keys: ['deepseek-chat', 'qwen3.7-flash', 'deepseek-v4-pro', 'qwen3.7-plus']
prices keys: ['deepseek-chat', 'qwen3.7-flash', 'deepseek-v4-pro', 'qwen3.7-plus']
SKIP deepseek-v4-pro: same as current
CANDIDATE qwen3.7-plus price=0.6
candidates count: 1
trying candidates: ['qwen3.7-plus']
--- try #1: qwen3.7-plus ---
FAILED qwen3.7-plus: Error code: 403 - {'error': {'message': 'Access to model denied. Please make sure you are eligible for using the model.', 'id': '4a0b8eca-c387-971e-bb5e-dc8304e67e3d', 'type': 'AccessDenied.Unpurchased', 'code': 'AccessDenied.Unpurchased'}}
FALLBACK: all failed
=== on_llm_execution ENTER ===
request type: dict
context keys: ['original_request', 'task_id', 'turn_id', 'api_request_id', 'session_id', 'platform', 'model', 'provider', 'base_url', 'api_mode', 'api_call_count', 'middleware_trace', 'telemetry_schema_version', 'middleware_schema_version']
messages count: 37
last message: {"total_count": 0, "error": "Search failed: grep: Unmatched [, [^, [:, [., or [="}
cfg enabled: True
classify result: complex
current model: deepseek-v4-pro, list_key: complex_models, model_list: ['deepseek-v4-pro', 'qwen3.7-plus']
providers keys: ['deepseek-chat', 'qwen3.7-flash', 'deepseek-v4-pro', 'qwen3.7-plus']
prices keys: ['deepseek-chat', 'qwen3.7-flash', 'deepseek-v4-pro', 'qwen3.7-plus']
SKIP deepseek-v4-pro: same as current
CANDIDATE qwen3.7-plus price=0.6
candidates count: 1
trying candidates: ['qwen3.7-plus']
--- try #1: qwen3.7-plus ---
FAILED qwen3.7-plus: Error code: 403 - {'error': {'message': 'Access to model denied. Please make sure you are eligible for using the model.', 'id': 'bec8ce77-1463-98e1-9dc4-20714d99ae81', 'type': 'AccessDenied.Unpurchased', 'code': 'AccessDenied.Unpurchased'}}
FALLBACK: all failed
=== on_llm_execution ENTER ===
request type: dict
context keys: ['original_request', 'task_id', 'turn_id', 'api_request_id', 'session_id', 'platform', 'model', 'provider', 'base_url', 'api_mode', 'api_call_count', 'middleware_trace', 'telemetry_schema_version', 'middleware_schema_version']
messages count: 39
last message: {"total_count": 14, "matches_format": "path-grouped: each file path on its own line, followed by indented '<line>: <content>' rows for matches in that file", "matches_text": "/home/linzizhou/Hermes_co
cfg enabled: True
classify result: complex
current model: deepseek-v4-pro, list_key: complex_models, model_list: ['deepseek-v4-pro', 'qwen3.7-plus']
providers keys: ['deepseek-chat', 'qwen3.7-flash', 'deepseek-v4-pro', 'qwen3.7-plus']
prices keys: ['deepseek-chat', 'qwen3.7-flash', 'deepseek-v4-pro', 'qwen3.7-plus']
SKIP deepseek-v4-pro: same as current
CANDIDATE qwen3.7-plus price=0.6
candidates count: 1
trying candidates: ['qwen3.7-plus']
--- try #1: qwen3.7-plus ---
FAILED qwen3.7-plus: Error code: 403 - {'error': {'message': 'Access to model denied. Please make sure you are eligible for using the model.', 'id': '9db90bc8-77c3-91b6-8947-52c5b9f595f6', 'type': 'AccessDenied.Unpurchased', 'code': 'AccessDenied.Unpurchased'}}
FALLBACK: all failed
=== on_llm_execution ENTER ===
request type: dict
context keys: ['original_request', 'task_id', 'turn_id', 'api_request_id', 'session_id', 'platform', 'model', 'provider', 'base_url', 'api_mode', 'api_call_count', 'middleware_trace', 'telemetry_schema_version', 'middleware_schema_version']
messages count: 41
last message: {"content": "1885|                    _refusal_log = (\n1886|                        _refusal_text[:500] + \"...\"\n1887|                        if len(_refusal_text) > 500\n1888|                     
cfg enabled: True
classify result: complex
current model: deepseek-v4-pro, list_key: complex_models, model_list: ['deepseek-v4-pro', 'qwen3.7-plus']
providers keys: ['deepseek-chat', 'qwen3.7-flash', 'deepseek-v4-pro', 'qwen3.7-plus']
prices keys: ['deepseek-chat', 'qwen3.7-flash', 'deepseek-v4-pro', 'qwen3.7-plus']
SKIP deepseek-v4-pro: same as current
CANDIDATE qwen3.7-plus price=0.6
candidates count: 1
trying candidates: ['qwen3.7-plus']
--- try #1: qwen3.7-plus ---
FAILED qwen3.7-plus: Error code: 403 - {'error': {'message': 'Access to model denied. Please make sure you are eligible for using the model.', 'id': '45812042-b3a3-946a-a620-f95fca88519d', 'type': 'AccessDenied.Unpurchased', 'code': 'AccessDenied.Unpurchased'}}
FALLBACK: all failed
=== on_llm_execution ENTER ===
request type: dict
context keys: ['original_request', 'task_id', 'turn_id', 'api_request_id', 'session_id', 'platform', 'model', 'provider', 'base_url', 'api_mode', 'api_call_count', 'middleware_trace', 'telemetry_schema_version', 'middleware_schema_version']
messages count: 43
last message: {"total_count": 0}
cfg enabled: True
classify result: complex
current model: deepseek-v4-pro, list_key: complex_models, model_list: ['deepseek-v4-pro', 'qwen3.7-plus']
providers keys: ['deepseek-chat', 'qwen3.7-flash', 'deepseek-v4-pro', 'qwen3.7-plus']
prices keys: ['deepseek-chat', 'qwen3.7-flash', 'deepseek-v4-pro', 'qwen3.7-plus']
SKIP deepseek-v4-pro: same as current
CANDIDATE qwen3.7-plus price=0.6
candidates count: 1
trying candidates: ['qwen3.7-plus']
--- try #1: qwen3.7-plus ---
FAILED qwen3.7-plus: Error code: 403 - {'error': {'message': 'Access to model denied. Please make sure you are eligible for using the model.', 'id': 'b1f802cc-b510-9db2-9c8d-59ed15c1b990', 'type': 'AccessDenied.Unpurchased', 'code': 'AccessDenied.Unpurchased'}}
FALLBACK: all failed
=== on_llm_execution ENTER ===
request type: dict
context keys: ['original_request', 'task_id', 'turn_id', 'api_request_id', 'session_id', 'platform', 'model', 'provider', 'base_url', 'api_mode', 'api_call_count', 'middleware_trace', 'telemetry_schema_version', 'middleware_schema_version']
messages count: 45
last message: {"total_count": 0}
cfg enabled: True
classify result: complex
current model: deepseek-v4-pro, list_key: complex_models, model_list: ['deepseek-v4-pro', 'qwen3.7-plus']
providers keys: ['deepseek-chat', 'qwen3.7-flash', 'deepseek-v4-pro', 'qwen3.7-plus']
prices keys: ['deepseek-chat', 'qwen3.7-flash', 'deepseek-v4-pro', 'qwen3.7-plus']
SKIP deepseek-v4-pro: same as current
CANDIDATE qwen3.7-plus price=0.6
candidates count: 1
trying candidates: ['qwen3.7-plus']
--- try #1: qwen3.7-plus ---
FAILED qwen3.7-plus: Error code: 403 - {'error': {'message': 'Access to model denied. Please make sure you are eligible for using the model.', 'id': 'f49ab37c-8ec8-9134-bc53-749d003d314f', 'type': 'AccessDenied.Unpurchased', 'code': 'AccessDenied.Unpurchased'}}
FALLBACK: all failed
=== on_llm_execution ENTER ===
request type: dict
context keys: ['original_request', 'task_id', 'turn_id', 'api_request_id', 'session_id', 'platform', 'model', 'provider', 'base_url', 'api_mode', 'api_call_count', 'middleware_trace', 'telemetry_schema_version', 'middleware_schema_version']
messages count: 47
last message: {"total_count": 0}
cfg enabled: True
classify result: complex
current model: deepseek-v4-pro, list_key: complex_models, model_list: ['deepseek-v4-pro', 'qwen3.7-plus']
providers keys: ['deepseek-chat', 'qwen3.7-flash', 'deepseek-v4-pro', 'qwen3.7-plus']
prices keys: ['deepseek-chat', 'qwen3.7-flash', 'deepseek-v4-pro', 'qwen3.7-plus']
SKIP deepseek-v4-pro: same as current
CANDIDATE qwen3.7-plus price=0.6
candidates count: 1
trying candidates: ['qwen3.7-plus']
--- try #1: qwen3.7-plus ---
FAILED qwen3.7-plus: Error code: 403 - {'error': {'message': 'Access to model denied. Please make sure you are eligible for using the model.', 'id': '1c08e086-8157-9def-b91f-55952f635555', 'type': 'AccessDenied.Unpurchased', 'code': 'AccessDenied.Unpurchased'}}
FALLBACK: all failed
=== on_llm_execution ENTER ===
request type: dict
context keys: ['original_request', 'task_id', 'turn_id', 'api_request_id', 'session_id', 'platform', 'model', 'provider', 'base_url', 'api_mode', 'api_call_count', 'middleware_trace', 'telemetry_schema_version', 'middleware_schema_version']
messages count: 49
last message: {"total_count": 0}
cfg enabled: True
classify result: complex
current model: deepseek-v4-pro, list_key: complex_models, model_list: ['deepseek-v4-pro', 'qwen3.7-plus']
providers keys: ['deepseek-chat', 'qwen3.7-flash', 'deepseek-v4-pro', 'qwen3.7-plus']
prices keys: ['deepseek-chat', 'qwen3.7-flash', 'deepseek-v4-pro', 'qwen3.7-plus']
SKIP deepseek-v4-pro: same as current
CANDIDATE qwen3.7-plus price=0.6
candidates count: 1
trying candidates: ['qwen3.7-plus']
--- try #1: qwen3.7-plus ---
FAILED qwen3.7-plus: Error code: 403 - {'error': {'message': 'Access to model denied. Please make sure you are eligible for using the model.', 'id': '685ed3ec-9560-9086-adb9-19c5748ec9b3', 'type': 'AccessDenied.Unpurchased', 'code': 'AccessDenied.Unpurchased'}}
FALLBACK: all failed
=== on_llm_execution ENTER ===
request type: dict
context keys: ['original_request', 'task_id', 'turn_id', 'api_request_id', 'session_id', 'platform', 'model', 'provider', 'base_url', 'api_mode', 'api_call_count', 'middleware_trace', 'telemetry_schema_version', 'middleware_schema_version']
messages count: 51
last message: {"total_count": 0}
cfg enabled: True
classify result: complex
current model: deepseek-v4-pro, list_key: complex_models, model_list: ['deepseek-v4-pro', 'qwen3.7-plus']
providers keys: ['deepseek-chat', 'qwen3.7-flash', 'deepseek-v4-pro', 'qwen3.7-plus']
prices keys: ['deepseek-chat', 'qwen3.7-flash', 'deepseek-v4-pro', 'qwen3.7-plus']
SKIP deepseek-v4-pro: same as current
CANDIDATE qwen3.7-plus price=0.6
candidates count: 1
trying candidates: ['qwen3.7-plus']
--- try #1: qwen3.7-plus ---
FAILED qwen3.7-plus: Error code: 403 - {'error': {'message': 'Access to model denied. Please make sure you are eligible for using the model.', 'id': 'f99ee0b7-1f42-9ec4-b37c-58c51e5d88ef', 'type': 'AccessDenied.Unpurchased', 'code': 'AccessDenied.Unpurchased'}}
FALLBACK: all failed
=== on_llm_execution ENTER ===
request type: dict
context keys: ['original_request', 'task_id', 'turn_id', 'api_request_id', 'session_id', 'platform', 'model', 'provider', 'base_url', 'api_mode', 'api_call_count', 'middleware_trace', 'telemetry_schema_version', 'middleware_schema_version']
messages count: 53
last message: {"total_count": 0}
cfg enabled: True
classify result: complex
current model: deepseek-v4-pro, list_key: complex_models, model_list: ['deepseek-v4-pro', 'qwen3.7-plus']
providers keys: ['deepseek-chat', 'qwen3.7-flash', 'deepseek-v4-pro', 'qwen3.7-plus']
prices keys: ['deepseek-chat', 'qwen3.7-flash', 'deepseek-v4-pro', 'qwen3.7-plus']
SKIP deepseek-v4-pro: same as current
CANDIDATE qwen3.7-plus price=0.6
candidates count: 1
trying candidates: ['qwen3.7-plus']
--- try #1: qwen3.7-plus ---
FAILED qwen3.7-plus: Error code: 403 - {'error': {'message': 'Access to model denied. Please make sure you are eligible for using the model.', 'id': 'c496ee4c-5cea-9e93-8fef-6570b0344369', 'type': 'AccessDenied.Unpurchased', 'code': 'AccessDenied.Unpurchased'}}
FALLBACK: all failed
=== on_llm_execution ENTER ===
request type: dict
context keys: ['original_request', 'task_id', 'turn_id', 'api_request_id', 'session_id', 'platform', 'model', 'provider', 'base_url', 'api_mode', 'api_call_count', 'middleware_trace', 'telemetry_schema_version', 'middleware_schema_version']
messages count: 55
last message: {"total_count": 0}
cfg enabled: True
classify result: complex
current model: deepseek-v4-pro, list_key: complex_models, model_list: ['deepseek-v4-pro', 'qwen3.7-plus']
providers keys: ['deepseek-chat', 'qwen3.7-flash', 'deepseek-v4-pro', 'qwen3.7-plus']
prices keys: ['deepseek-chat', 'qwen3.7-flash', 'deepseek-v4-pro', 'qwen3.7-plus']
SKIP deepseek-v4-pro: same as current
CANDIDATE qwen3.7-plus price=0.6
candidates count: 1
trying candidates: ['qwen3.7-plus']
--- try #1: qwen3.7-plus ---
FAILED qwen3.7-plus: Error code: 403 - {'error': {'message': 'Access to model denied. Please make sure you are eligible for using the model.', 'id': '8d3207b5-9efa-901b-bcd9-7fc0b6abc1f7', 'type': 'AccessDenied.Unpurchased', 'code': 'AccessDenied.Unpurchased'}}
FALLBACK: all failed
=== on_llm_execution ENTER ===
request type: dict
context keys: ['original_request', 'task_id', 'turn_id', 'api_request_id', 'session_id', 'platform', 'model', 'provider', 'base_url', 'api_mode', 'api_call_count', 'middleware_trace', 'telemetry_schema_version', 'middleware_schema_version']
messages count: 57
last message: {"total_count": 0}
cfg enabled: True
classify result: complex
current model: deepseek-v4-pro, list_key: complex_models, model_list: ['deepseek-v4-pro', 'qwen3.7-plus']
providers keys: ['deepseek-chat', 'qwen3.7-flash', 'deepseek-v4-pro', 'qwen3.7-plus']
prices keys: ['deepseek-chat', 'qwen3.7-flash', 'deepseek-v4-pro', 'qwen3.7-plus']
SKIP deepseek-v4-pro: same as current
CANDIDATE qwen3.7-plus price=0.6
candidates count: 1
trying candidates: ['qwen3.7-plus']
--- try #1: qwen3.7-plus ---
FAILED qwen3.7-plus: Error code: 403 - {'error': {'message': 'Access to model denied. Please make sure you are eligible for using the model.', 'id': '8451b1fa-cabb-942f-b9b1-c1ac5aa8c5a3', 'type': 'AccessDenied.Unpurchased', 'code': 'AccessDenied.Unpurchased'}}
FALLBACK: all failed
=== on_llm_execution ENTER ===
request type: dict
context keys: ['original_request', 'task_id', 'turn_id', 'api_request_id', 'session_id', 'platform', 'model', 'provider', 'base_url', 'api_mode', 'api_call_count', 'middleware_trace', 'telemetry_schema_version', 'middleware_schema_version']
messages count: 59
last message: {"total_count": 0}
cfg enabled: True
classify result: complex
current model: deepseek-v4-pro, list_key: complex_models, model_list: ['deepseek-v4-pro', 'qwen3.7-plus']
providers keys: ['deepseek-chat', 'qwen3.7-flash', 'deepseek-v4-pro', 'qwen3.7-plus']
prices keys: ['deepseek-chat', 'qwen3.7-flash', 'deepseek-v4-pro', 'qwen3.7-plus']
SKIP deepseek-v4-pro: same as current
CANDIDATE qwen3.7-plus price=0.6
candidates count: 1
trying candidates: ['qwen3.7-plus']
--- try #1: qwen3.7-plus ---
FAILED qwen3.7-plus: Error code: 403 - {'error': {'message': 'Access to model denied. Please make sure you are eligible for using the model.', 'id': '202ff02e-1696-9464-ade3-6b5dd0fb793e', 'type': 'AccessDenied.Unpurchased', 'code': 'AccessDenied.Unpurchased'}}
FALLBACK: all failed
=== on_llm_execution ENTER ===
request type: dict
context keys: ['original_request', 'task_id', 'turn_id', 'api_request_id', 'session_id', 'platform', 'model', 'provider', 'base_url', 'api_mode', 'api_call_count', 'middleware_trace', 'telemetry_schema_version', 'middleware_schema_version']
messages count: 61
last message: {"total_count": 1, "matches": [{"path": "/home/linzizhou/Hermes_code/hermes-agent/agent/display.py", "line": 1015, "content": "class KawaiiSpinner:"}]}
cfg enabled: True
classify result: complex
current model: deepseek-v4-pro, list_key: complex_models, model_list: ['deepseek-v4-pro', 'qwen3.7-plus']
providers keys: ['deepseek-chat', 'qwen3.7-flash', 'deepseek-v4-pro', 'qwen3.7-plus']
prices keys: ['deepseek-chat', 'qwen3.7-flash', 'deepseek-v4-pro', 'qwen3.7-plus']
SKIP deepseek-v4-pro: same as current
CANDIDATE qwen3.7-plus price=0.6
candidates count: 1
trying candidates: ['qwen3.7-plus']
--- try #1: qwen3.7-plus ---
FAILED qwen3.7-plus: Error code: 403 - {'error': {'message': 'Access to model denied. Please make sure you are eligible for using the model.', 'id': '08e9ab0a-d84a-992f-a1fe-88380fea5370', 'type': 'AccessDenied.Unpurchased', 'code': 'AccessDenied.Unpurchased'}}
FALLBACK: all failed
=== on_llm_execution ENTER ===
request type: dict
context keys: ['original_request', 'task_id', 'turn_id', 'api_request_id', 'session_id', 'platform', 'model', 'provider', 'base_url', 'api_mode', 'api_call_count', 'middleware_trace', 'telemetry_schema_version', 'middleware_schema_version']
messages count: 63
last message: {"content": "1015|class KawaiiSpinner:\n1016|    \"\"\"Animated spinner with kawaii faces for CLI feedback during tool execution.\"\"\"\n1017|\n1018|    SPINNERS = {\n1019|        'dots': ['⠋', '⠙', '
cfg enabled: True
classify result: complex
current model: deepseek-v4-pro, list_key: complex_models, model_list: ['deepseek-v4-pro', 'qwen3.7-plus']
providers keys: ['deepseek-chat', 'qwen3.7-flash', 'deepseek-v4-pro', 'qwen3.7-plus']
prices keys: ['deepseek-chat', 'qwen3.7-flash', 'deepseek-v4-pro', 'qwen3.7-plus']
SKIP deepseek-v4-pro: same as current
CANDIDATE qwen3.7-plus price=0.6
candidates count: 1
trying candidates: ['qwen3.7-plus']
--- try #1: qwen3.7-plus ---
FAILED qwen3.7-plus: Error code: 403 - {'error': {'message': 'Access to model denied. Please make sure you are eligible for using the model.', 'id': 'bdfab672-176a-9c22-a7c6-1c715214c3b4', 'type': 'AccessDenied.Unpurchased', 'code': 'AccessDenied.Unpurchased'}}
FALLBACK: all failed
=== on_llm_execution ENTER ===
request type: dict
context keys: ['original_request', 'task_id', 'turn_id', 'api_request_id', 'session_id', 'platform', 'model', 'provider', 'base_url', 'api_mode', 'api_call_count', 'middleware_trace', 'telemetry_schema_version', 'middleware_schema_version']
messages count: 65
last message: {"content": "1|agent:\n2|  max_turns: 150\n3|display:\n4|  tool_progress: all\n5|onboarding:\n6|  seen:\n7|    busy_input_prompt: true\n8|    tool_progress_prompt: true\n9|_config_version: 33\n10|sess
cfg enabled: True
classify result: complex
current model: deepseek-v4-pro, list_key: complex_models, model_list: ['deepseek-v4-pro', 'qwen3.7-plus']
providers keys: ['deepseek-chat', 'qwen3.7-flash', 'deepseek-v4-pro', 'qwen3.7-plus']
prices keys: ['deepseek-chat', 'qwen3.7-flash', 'deepseek-v4-pro', 'qwen3.7-plus']
SKIP deepseek-v4-pro: same as current
CANDIDATE qwen3.7-plus price=0.6
candidates count: 1
trying candidates: ['qwen3.7-plus']
--- try #1: qwen3.7-plus ---
FAILED qwen3.7-plus: Error code: 403 - {'error': {'message': 'Access to model denied. Please make sure you are eligible for using the model.', 'id': '05a4d80b-402c-9441-82fc-64f6db692564', 'type': 'AccessDenied.Unpurchased', 'code': 'AccessDenied.Unpurchased'}}
FALLBACK: all failed
=== on_llm_execution ENTER ===
request type: dict
context keys: ['original_request', 'task_id', 'turn_id', 'api_request_id', 'session_id', 'platform', 'model', 'provider', 'base_url', 'api_mode', 'api_call_count', 'middleware_trace', 'telemetry_schema_version', 'middleware_schema_version']
messages count: 67
last message: Review the conversation above and update the skill library. Be ACTIVE — most sessions produce at least one skill update, even if small. A pass that does nothing is a missed learning opportunity, not a
cfg enabled: True
classify result: simple
current model: deepseek-v4-pro, list_key: simple_models, model_list: ['deepseek-chat', 'qwen3.7-flash']
providers keys: ['deepseek-chat', 'qwen3.7-flash', 'deepseek-v4-pro', 'qwen3.7-plus']
prices keys: ['deepseek-chat', 'qwen3.7-flash', 'deepseek-v4-pro', 'qwen3.7-plus']
CANDIDATE deepseek-chat price=0.14
CANDIDATE qwen3.7-flash price=0.1
candidates count: 2
trying candidates: ['qwen3.7-flash', 'deepseek-chat']
--- try #1: qwen3.7-flash ---
FAILED qwen3.7-flash: Error code: 403 - {'error': {'message': 'Access to model denied. Please make sure you are eligible for using the model.', 'id': '5c14d459-b0bf-9c0f-a19d-8f52f0bea50a', 'type': 'AccessDenied.Unpurchased', 'code': 'AccessDenied.Unpurchased'}}
--- try #2: deepseek-chat ---
SUCCESS! model=deepseek-v4-flash choices=1
=== on_llm_execution ENTER ===
request type: dict
context keys: ['original_request', 'task_id', 'turn_id', 'api_request_id', 'session_id', 'platform', 'model', 'provider', 'base_url', 'api_mode', 'api_call_count', 'middleware_trace', 'telemetry_schema_version', 'middleware_schema_version']
messages count: 69
last message: {"success": true, "name": "hermes-plugin-middleware", "file": "references/smart-router-architecture.md", "content": "# Smart Router Plugin — Architecture (v2)\n\n## What it does\n\nPer-request dynamic
cfg enabled: True
classify result: simple
current model: deepseek-v4-pro, list_key: simple_models, model_list: ['deepseek-chat', 'qwen3.7-flash']
providers keys: ['deepseek-chat', 'qwen3.7-flash', 'deepseek-v4-pro', 'qwen3.7-plus']
prices keys: ['deepseek-chat', 'qwen3.7-flash', 'deepseek-v4-pro', 'qwen3.7-plus']
CANDIDATE deepseek-chat price=0.14
CANDIDATE qwen3.7-flash price=0.1
candidates count: 2
trying candidates: ['qwen3.7-flash', 'deepseek-chat']
--- try #1: qwen3.7-flash ---
FAILED qwen3.7-flash: Error code: 403 - {'error': {'message': 'Access to model denied. Please make sure you are eligible for using the model.', 'id': '9eeac210-3f88-983f-b2a7-adb59ec09ef5', 'type': 'AccessDenied.Unpurchased', 'code': 'AccessDenied.Unpurchased'}}
--- try #2: deepseek-chat ---
SUCCESS! model=deepseek-v4-flash choices=1
=== on_llm_execution ENTER ===
request type: dict
context keys: ['original_request', 'task_id', 'turn_id', 'api_request_id', 'session_id', 'platform', 'model', 'provider', 'base_url', 'api_mode', 'api_call_count', 'middleware_trace', 'telemetry_schema_version', 'middleware_schema_version']
messages count: 71
last message: {"success": false, "error": "Refusing background curator patch for skill 'hermes-plugin-middleware': the current SKILL.md content has not been loaded in this review turn. Call skill_view(name) for SKI
cfg enabled: True
classify result: simple
current model: deepseek-v4-pro, list_key: simple_models, model_list: ['deepseek-chat', 'qwen3.7-flash']
providers keys: ['deepseek-chat', 'qwen3.7-flash', 'deepseek-v4-pro', 'qwen3.7-plus']
prices keys: ['deepseek-chat', 'qwen3.7-flash', 'deepseek-v4-pro', 'qwen3.7-plus']
CANDIDATE deepseek-chat price=0.14
CANDIDATE qwen3.7-flash price=0.1
candidates count: 2
trying candidates: ['qwen3.7-flash', 'deepseek-chat']
--- try #1: qwen3.7-flash ---
FAILED qwen3.7-flash: Error code: 403 - {'error': {'message': 'Access to model denied. Please make sure you are eligible for using the model.', 'id': 'a4e639fb-a321-9954-b808-c472a07c5558', 'type': 'AccessDenied.Unpurchased', 'code': 'AccessDenied.Unpurchased'}}
--- try #2: deepseek-chat ---
SUCCESS! model=deepseek-v4-flash choices=1
=== on_llm_execution ENTER ===
request type: dict
context keys: ['original_request', 'task_id', 'turn_id', 'api_request_id', 'session_id', 'platform', 'model', 'provider', 'base_url', 'api_mode', 'api_call_count', 'middleware_trace', 'telemetry_schema_version', 'middleware_schema_version']
messages count: 73
last message: {"success": true, "name": "hermes-plugin-middleware", "description": "Trace Hermes plugin system and middleware pipeline.", "tags": ["hermes", "plugin", "middleware", "source-trace"], "related_skills"
cfg enabled: True
classify result: simple
current model: deepseek-v4-pro, list_key: simple_models, model_list: ['deepseek-chat', 'qwen3.7-flash']
providers keys: ['deepseek-chat', 'qwen3.7-flash', 'deepseek-v4-pro', 'qwen3.7-plus']
prices keys: ['deepseek-chat', 'qwen3.7-flash', 'deepseek-v4-pro', 'qwen3.7-plus']
CANDIDATE deepseek-chat price=0.14
CANDIDATE qwen3.7-flash price=0.1
candidates count: 2
trying candidates: ['qwen3.7-flash', 'deepseek-chat']
--- try #1: qwen3.7-flash ---
FAILED qwen3.7-flash: Error code: 403 - {'error': {'message': 'Access to model denied. Please make sure you are eligible for using the model.', 'id': '761e87a9-41d8-905c-9aa0-d69362dfd890', 'type': 'AccessDenied.Unpurchased', 'code': 'AccessDenied.Unpurchased'}}
--- try #2: deepseek-chat ---
SUCCESS! model=deepseek-v4-flash choices=1
=== on_llm_execution ENTER ===
request type: dict
context keys: ['original_request', 'task_id', 'turn_id', 'api_request_id', 'session_id', 'platform', 'model', 'provider', 'base_url', 'api_mode', 'api_call_count', 'middleware_trace', 'telemetry_schema_version', 'middleware_schema_version']
messages count: 75
last message: {"success": true, "message": "Patched SKILL.md in skill 'hermes-plugin-middleware' (1 replacement).", "_change": {"old": "### Cross-provider routing pattern\n```python\ndef on_llm_execution(request, n
cfg enabled: True
classify result: simple
current model: deepseek-v4-pro, list_key: simple_models, model_list: ['deepseek-chat', 'qwen3.7-flash']
providers keys: ['deepseek-chat', 'qwen3.7-flash', 'deepseek-v4-pro', 'qwen3.7-plus']
prices keys: ['deepseek-chat', 'qwen3.7-flash', 'deepseek-v4-pro', 'qwen3.7-plus']
CANDIDATE deepseek-chat price=0.14
CANDIDATE qwen3.7-flash price=0.1
candidates count: 2
trying candidates: ['qwen3.7-flash', 'deepseek-chat']
--- try #1: qwen3.7-flash ---
FAILED qwen3.7-flash: Error code: 403 - {'error': {'message': 'Access to model denied. Please make sure you are eligible for using the model.', 'id': '427ba392-d59e-95db-aa06-d589246c60c0', 'type': 'AccessDenied.Unpurchased', 'code': 'AccessDenied.Unpurchased'}}
--- try #2: deepseek-chat ---
SUCCESS! model=deepseek-v4-flash choices=1
=== on_llm_execution ENTER ===
request type: dict
context keys: ['original_request', 'task_id', 'turn_id', 'api_request_id', 'session_id', 'platform', 'model', 'provider', 'base_url', 'api_mode', 'api_call_count', 'middleware_trace', 'telemetry_schema_version', 'middleware_schema_version']
messages count: 77
last message: {"success": true, "message": "Patched references/smart-router-architecture.md in skill 'hermes-plugin-middleware' (1 replacement).", "_change": {"old": "## config.yaml schema\n\n```yaml\nsmart_model_r
cfg enabled: True
classify result: simple
current model: deepseek-v4-pro, list_key: simple_models, model_list: ['deepseek-chat', 'qwen3.7-flash']
providers keys: ['deepseek-chat', 'qwen3.7-flash', 'deepseek-v4-pro', 'qwen3.7-plus']
prices keys: ['deepseek-chat', 'qwen3.7-flash', 'deepseek-v4-pro', 'qwen3.7-plus']
CANDIDATE deepseek-chat price=0.14
CANDIDATE qwen3.7-flash price=0.1
candidates count: 2
trying candidates: ['qwen3.7-flash', 'deepseek-chat']
--- try #1: qwen3.7-flash ---
FAILED qwen3.7-flash: Error code: 403 - {'error': {'message': 'Access to model denied. Please make sure you are eligible for using the model.', 'id': 'e66077c9-8323-91f3-bffd-bfabd1a17b4d', 'type': 'AccessDenied.Unpurchased', 'code': 'AccessDenied.Unpurchased'}}
--- try #2: deepseek-chat ---
SUCCESS! model=deepseek-v4-flash choices=1
=== on_llm_execution ENTER ===
request type: dict
context keys: ['original_request', 'task_id', 'turn_id', 'api_request_id', 'session_id', 'platform', 'model', 'provider', 'base_url', 'api_mode', 'api_call_count', 'middleware_trace', 'telemetry_schema_version', 'middleware_schema_version']
messages count: 79
last message: {"success": true, "message": "Patched SKILL.md in skill 'hermes-plugin-middleware' (1 replacement).", "_change": {"old": "- **Dead code trap:** when a router plugin is refactored, the old\n  implement
cfg enabled: True
classify result: simple
current model: deepseek-v4-pro, list_key: simple_models, model_list: ['deepseek-chat', 'qwen3.7-flash']
providers keys: ['deepseek-chat', 'qwen3.7-flash', 'deepseek-v4-pro', 'qwen3.7-plus']
prices keys: ['deepseek-chat', 'qwen3.7-flash', 'deepseek-v4-pro', 'qwen3.7-plus']
CANDIDATE deepseek-chat price=0.14
CANDIDATE qwen3.7-flash price=0.1
candidates count: 2
trying candidates: ['qwen3.7-flash', 'deepseek-chat']
--- try #1: qwen3.7-flash ---
FAILED qwen3.7-flash: Error code: 403 - {'error': {'message': 'Access to model denied. Please make sure you are eligible for using the model.', 'id': 'd2749942-01ee-96fc-8a62-3277943eb216', 'type': 'AccessDenied.Unpurchased', 'code': 'AccessDenied.Unpurchased'}}
--- try #2: deepseek-chat ---
SUCCESS! model=deepseek-v4-flash choices=1
=== on_llm_execution ENTER ===
request type: dict
context keys: ['original_request', 'task_id', 'turn_id', 'api_request_id', 'session_id', 'platform', 'model', 'provider', 'base_url', 'api_mode', 'api_call_count', 'middleware_trace', 'telemetry_schema_version', 'middleware_schema_version']
messages count: 2
last message: 你是什么模型
cfg enabled: True
classify result: simple
current model: kimi-k3, list_key: simple_models, model_list: ['deepseek-chat', 'qwen3.7-flash']
providers keys: ['deepseek-chat', 'qwen3.7-flash', 'deepseek-v4-pro', 'qwen3.7-plus']
prices keys: ['deepseek-chat', 'qwen3.7-flash', 'deepseek-v4-pro', 'qwen3.7-plus']
CANDIDATE deepseek-chat price=0.14
CANDIDATE qwen3.7-flash price=0.1
candidates count: 2
trying candidates: ['qwen3.7-flash', 'deepseek-chat']
--- try #1: qwen3.7-flash ---
FAILED qwen3.7-flash: Error code: 403 - {'error': {'message': 'Access to model denied. Please make sure you are eligible for using the model.', 'id': '39877913-efe2-915b-a337-0a974772374d', 'type': 'AccessDenied.Unpurchased', 'code': 'AccessDenied.Unpurchased'}}
--- try #2: deepseek-chat ---
SUCCESS! model=deepseek-v4-flash choices=1
=== on_llm_execution ENTER ===
request type: dict
context keys: ['original_request', 'task_id', 'turn_id', 'api_request_id', 'session_id', 'platform', 'model', 'provider', 'base_url', 'api_mode', 'api_call_count', 'middleware_trace', 'telemetry_schema_version', 'middleware_schema_version']
messages count: 2
last message: [Note: model was just switched from deepseek-v4-flash to deepseek-v4-pro via DeepSeek. Adjust your self-identification accordingly.]

你好
cfg enabled: True
classify result: simple
current model: deepseek-v4-pro, list_key: simple_models, model_list: ['deepseek-chat', 'qwen3.7-flash']
providers keys: ['deepseek-chat', 'qwen3.7-flash', 'deepseek-v4-pro', 'qwen3.7-plus']
prices keys: ['deepseek-chat', 'qwen3.7-flash', 'deepseek-v4-pro', 'qwen3.7-plus']
CANDIDATE deepseek-chat price=0.14
CANDIDATE qwen3.7-flash price=0.1
candidates count: 2
trying candidates: ['qwen3.7-flash', 'deepseek-chat']
--- try #1: qwen3.7-flash ---
FAILED qwen3.7-flash: Error code: 403 - {'error': {'message': 'Access to model denied. Please make sure you are eligible for using the model.', 'id': '75e6c834-192d-9570-84fb-3cad8349ae08', 'type': 'AccessDenied.Unpurchased', 'code': 'AccessDenied.Unpurchased'}}
--- try #2: deepseek-chat ---
SUCCESS! model=deepseek-v4-flash choices=1
=== on_llm_execution ENTER ===
request type: dict
context keys: ['original_request', 'task_id', 'turn_id', 'api_request_id', 'session_id', 'platform', 'model', 'provider', 'base_url', 'api_mode', 'api_call_count', 'middleware_trace', 'telemetry_schema_version', 'middleware_schema_version']
messages count: 4
last message: 你好，你是什么模型
cfg enabled: True
classify result: simple
current model: deepseek-v4-pro, list_key: simple_models, model_list: ['deepseek-chat', 'qwen3.7-flash']
providers keys: ['deepseek-chat', 'qwen3.7-flash', 'deepseek-v4-pro', 'qwen3.7-plus']
prices keys: ['deepseek-chat', 'qwen3.7-flash', 'deepseek-v4-pro', 'qwen3.7-plus']
CANDIDATE deepseek-chat price=0.14
CANDIDATE qwen3.7-flash price=0.1
candidates count: 2
trying candidates: ['qwen3.7-flash', 'deepseek-chat']
--- try #1: qwen3.7-flash ---
FAILED qwen3.7-flash: Error code: 403 - {'error': {'message': 'Access to model denied. Please make sure you are eligible for using the model.', 'id': 'c17d3e38-d059-9a4a-8979-78f505ffb202', 'type': 'AccessDenied.Unpurchased', 'code': 'AccessDenied.Unpurchased'}}
--- try #2: deepseek-chat ---
SUCCESS! model=deepseek-v4-flash choices=1
=== on_llm_execution ENTER ===
request type: dict
context keys: ['original_request', 'task_id', 'turn_id', 'api_request_id', 'session_id', 'platform', 'model', 'provider', 'base_url', 'api_mode', 'api_call_count', 'middleware_trace', 'telemetry_schema_version', 'middleware_schema_version']
messages count: 6
last message: [Note: model was just switched from deepseek-v4-pro to qwen3.7-flash via Ws-259ekv5sjk9xfvw6.cn-beijing.maas.aliyuncs.com. Adjust your self-identification accordingly.]

你好
cfg enabled: True
classify result: simple
current model: qwen3.7-flash, list_key: simple_models, model_list: ['deepseek-chat', 'qwen3.7-flash']
providers keys: ['deepseek-chat', 'qwen3.7-flash', 'deepseek-v4-pro', 'qwen3.7-plus']
prices keys: ['deepseek-chat', 'qwen3.7-flash', 'deepseek-v4-pro', 'qwen3.7-plus']
CANDIDATE deepseek-chat price=0.14
SKIP qwen3.7-flash: same as current
candidates count: 1
trying candidates: ['deepseek-chat']
--- try #1: deepseek-chat ---
SUCCESS! model=deepseek-v4-flash choices=1
=== on_llm_execution ENTER ===
request type: dict
context keys: ['original_request', 'task_id', 'turn_id', 'api_request_id', 'session_id', 'platform', 'model', 'provider', 'base_url', 'api_mode', 'api_call_count', 'middleware_trace', 'telemetry_schema_version', 'middleware_schema_version']
messages count: 8
last message: [Note: model was just switched from qwen3.7-flash to deepseek-v4-pro via DeepSeek. Adjust your self-identification accordingly.]

linzizhou@linzizhou-VirtualBox:~/.hermes/plugins/smart-router$ 
这个插件到底
cfg enabled: True
classify result: simple
current model: deepseek-v4-pro, list_key: simple_models, model_list: ['deepseek-chat', 'qwen3.7-flash']
providers keys: ['deepseek-chat', 'qwen3.7-flash', 'deepseek-v4-pro', 'qwen3.7-plus']
prices keys: ['deepseek-chat', 'qwen3.7-flash', 'deepseek-v4-pro', 'qwen3.7-plus']
CANDIDATE deepseek-chat price=0.14
CANDIDATE qwen3.7-flash price=0.1
candidates count: 2
trying candidates: ['qwen3.7-flash', 'deepseek-chat']
--- try #1: qwen3.7-flash ---
FAILED qwen3.7-flash: Error code: 403 - {'error': {'message': 'Access to model denied. Please make sure you are eligible for using the model.', 'id': '9d6a426f-6744-97f6-ae5e-cac3486b2b14', 'type': 'AccessDenied.Unpurchased', 'code': 'AccessDenied.Unpurchased'}}
--- try #2: deepseek-chat ---
SUCCESS! model=deepseek-v4-flash choices=1
=== on_llm_execution ENTER ===
request type: dict
context keys: ['original_request', 'task_id', 'turn_id', 'api_request_id', 'session_id', 'platform', 'model', 'provider', 'base_url', 'api_mode', 'api_call_count', 'middleware_trace', 'telemetry_schema_version', 'middleware_schema_version']
messages count: 11
last message: {"output": "19:smart_model_routing:\n20-  enabled: true\n21-  simple_models:\n22-    - deepseek-chat\n23-    - qwen3.7-flash\n24-  complex_models:\n25-    - deepseek-v4-pro\n26-    - qwen3.7-plus\n27-
cfg enabled: True
classify result: simple
current model: deepseek-v4-pro, list_key: simple_models, model_list: ['deepseek-chat', 'qwen3.7-flash']
providers keys: ['deepseek-chat', 'qwen3.7-flash', 'deepseek-v4-pro', 'qwen3.7-plus']
prices keys: ['deepseek-chat', 'qwen3.7-flash', 'deepseek-v4-pro', 'qwen3.7-plus']
CANDIDATE deepseek-chat price=0.14
CANDIDATE qwen3.7-flash price=0.1
candidates count: 2
trying candidates: ['qwen3.7-flash', 'deepseek-chat']
--- try #1: qwen3.7-flash ---
FAILED qwen3.7-flash: Error code: 403 - {'error': {'message': 'Access to model denied. Please make sure you are eligible for using the model.', 'id': 'f786021a-ea7b-9731-94b0-1eff67390225', 'type': 'AccessDenied.Unpurchased', 'code': 'AccessDenied.Unpurchased'}}
--- try #2: deepseek-chat ---
SUCCESS! model=deepseek-v4-flash choices=1
=== on_llm_execution ENTER ===
request type: dict
context keys: ['original_request', 'task_id', 'turn_id', 'api_request_id', 'session_id', 'platform', 'model', 'provider', 'base_url', 'api_mode', 'api_call_count', 'middleware_trace', 'telemetry_schema_version', 'middleware_schema_version']
messages count: 13
last message: {"output": "cfg enabled: True\nclassify result: simple\ncurrent model: qwen3.7-flash, list_key: simple_models, model_list: ['deepseek-chat', 'qwen3.7-flash']\nproviders keys: ['deepseek-chat', 'qwen3.
cfg enabled: True
classify result: simple
current model: deepseek-v4-pro, list_key: simple_models, model_list: ['deepseek-chat', 'qwen3.7-flash']
providers keys: ['deepseek-chat', 'qwen3.7-flash', 'deepseek-v4-pro', 'qwen3.7-plus']
prices keys: ['deepseek-chat', 'qwen3.7-flash', 'deepseek-v4-pro', 'qwen3.7-plus']
CANDIDATE deepseek-chat price=0.14
CANDIDATE qwen3.7-flash price=0.1
candidates count: 2
trying candidates: ['qwen3.7-flash', 'deepseek-chat']
--- try #1: qwen3.7-flash ---
FAILED qwen3.7-flash: Error code: 403 - {'error': {'message': 'Access to model denied. Please make sure you are eligible for using the model.', 'id': '7f6b84bc-bbd2-953d-95e5-32371dc24740', 'type': 'AccessDenied.Unpurchased', 'code': 'AccessDenied.Unpurchased'}}
--- try #2: deepseek-chat ---
SUCCESS! model=deepseek-v4-flash choices=1
=== on_llm_execution ENTER ===
request type: dict
context keys: ['original_request', 'task_id', 'turn_id', 'api_request_id', 'session_id', 'platform', 'model', 'provider', 'base_url', 'api_mode', 'api_call_count', 'middleware_trace', 'telemetry_schema_version', 'middleware_schema_version']
messages count: 67
last message: [Note: model was just switched from deepseek-v4-pro to deepseek-v4-pro via DeepSeek. Adjust your self-identification accordingly.]

● 你好
Initializing agent...

────────────────────────────────────────
cfg enabled: True
classify result: simple
current model: deepseek-v4-pro, list_key: simple_models, model_list: ['deepseek-chat', 'qwen3.7-flash']
providers keys: ['deepseek-chat', 'qwen3.7-flash', 'deepseek-v4-pro', 'qwen3.7-plus']
prices keys: ['deepseek-chat', 'qwen3.7-flash', 'deepseek-v4-pro', 'qwen3.7-plus']
CANDIDATE deepseek-chat price=0.14
CANDIDATE qwen3.7-flash price=0.1
candidates count: 2
trying candidates: ['qwen3.7-flash', 'deepseek-chat']
--- try #1: qwen3.7-flash ---
FAILED qwen3.7-flash: Error code: 403 - {'error': {'message': 'Access to model denied. Please make sure you are eligible for using the model.', 'id': '495d88a6-8006-9094-9380-f10dc56f746d', 'type': 'AccessDenied.Unpurchased', 'code': 'AccessDenied.Unpurchased'}}
--- try #2: deepseek-chat ---
SUCCESS! model=deepseek-v4-flash choices=1
=== on_llm_execution ENTER ===
request type: dict
context keys: ['original_request', 'task_id', 'turn_id', 'api_request_id', 'session_id', 'platform', 'model', 'provider', 'base_url', 'api_mode', 'api_call_count', 'middleware_trace', 'telemetry_schema_version', 'middleware_schema_version']
messages count: 69
last message: {"output": "request type: dict\ncontext keys: ['original_request', 'task_id', 'turn_id', 'api_request_id', 'session_id', 'platform', 'model', 'provider', 'base_url', 'api_mode', 'api_call_count', 'mid
cfg enabled: True
classify result: simple
current model: deepseek-v4-pro, list_key: simple_models, model_list: ['deepseek-chat', 'qwen3.7-flash']
providers keys: ['deepseek-chat', 'qwen3.7-flash', 'deepseek-v4-pro', 'qwen3.7-plus']
prices keys: ['deepseek-chat', 'qwen3.7-flash', 'deepseek-v4-pro', 'qwen3.7-plus']
CANDIDATE deepseek-chat price=0.14
CANDIDATE qwen3.7-flash price=0.1
candidates count: 2
trying candidates: ['qwen3.7-flash', 'deepseek-chat']
--- try #1: qwen3.7-flash ---
FAILED qwen3.7-flash: Error code: 403 - {'error': {'message': 'Access to model denied. Please make sure you are eligible for using the model.', 'id': '2d512161-0e97-9ad4-87d7-c85c029ea0ce', 'type': 'AccessDenied.Unpurchased', 'code': 'AccessDenied.Unpurchased'}}
--- try #2: deepseek-chat ---
SUCCESS! model=deepseek-v4-flash choices=1
=== on_llm_execution ENTER ===
request type: dict
context keys: ['original_request', 'task_id', 'turn_id', 'api_request_id', 'session_id', 'platform', 'model', 'provider', 'base_url', 'api_mode', 'api_call_count', 'middleware_trace', 'telemetry_schema_version', 'middleware_schema_version']
messages count: 15
last message: ● 你好
Initializing agent...

────────────────────────────────────────
⚠️  Context file AGENTS.md TRUNCATED: 74519 chars exceeds limit of 31457 — trim the file, pin a larger context_file_max_chars, or u
cfg enabled: True
classify result: simple
current model: deepseek-v4-pro, list_key: simple_models, model_list: ['deepseek-chat', 'qwen3.7-flash']
providers keys: ['deepseek-chat', 'qwen3.7-flash', 'deepseek-v4-pro', 'qwen3.7-plus']
prices keys: ['deepseek-chat', 'qwen3.7-flash', 'deepseek-v4-pro', 'qwen3.7-plus']
CANDIDATE deepseek-chat price=0.14
CANDIDATE qwen3.7-flash price=0.1
candidates count: 2
trying candidates: ['qwen3.7-flash', 'deepseek-chat']
--- try #1: qwen3.7-flash ---
FAILED qwen3.7-flash: Error code: 403 - {'error': {'message': 'Access to model denied. Please make sure you are eligible for using the model.', 'id': '790e7b49-1138-9457-a3f5-5a2190322e3f', 'type': 'AccessDenied.Unpurchased', 'code': 'AccessDenied.Unpurchased'}}
--- try #2: deepseek-chat ---
SUCCESS! model=deepseek-v4-flash choices=1
=== on_llm_execution ENTER ===
request type: dict
context keys: ['original_request', 'task_id', 'turn_id', 'api_request_id', 'session_id', 'platform', 'model', 'provider', 'base_url', 'api_mode', 'api_call_count', 'middleware_trace', 'telemetry_schema_version', 'middleware_schema_version']
messages count: 17
last message: 那我现在应该怎么验证啊
cfg enabled: True
classify result: simple
current model: deepseek-v4-pro, list_key: simple_models, model_list: ['deepseek-chat', 'qwen3.7-flash']
providers keys: ['deepseek-chat', 'qwen3.7-flash', 'deepseek-v4-pro', 'qwen3.7-plus']
prices keys: ['deepseek-chat', 'qwen3.7-flash', 'deepseek-v4-pro', 'qwen3.7-plus']
CANDIDATE deepseek-chat price=0.14
CANDIDATE qwen3.7-flash price=0.1
candidates count: 2
trying candidates: ['qwen3.7-flash', 'deepseek-chat']
--- try #1: qwen3.7-flash ---
FAILED qwen3.7-flash: Error code: 403 - {'error': {'message': 'Access to model denied. Please make sure you are eligible for using the model.', 'id': 'db7478cd-a9ea-9f8d-836d-1fdaa38b2ac9', 'type': 'AccessDenied.Unpurchased', 'code': 'AccessDenied.Unpurchased'}}
--- try #2: deepseek-chat ---
SUCCESS! model=deepseek-v4-flash choices=1
=== on_llm_execution ENTER ===
request type: dict
context keys: ['original_request', 'task_id', 'turn_id', 'api_request_id', 'session_id', 'platform', 'model', 'provider', 'base_url', 'api_mode', 'api_call_count', 'middleware_trace', 'telemetry_schema_version', 'middleware_schema_version']
messages count: 19
last message: {"output": "classify result: simple\ncurrent model: deepseek-v4-pro, list_key: simple_models, model_list: ['deepseek-chat', 'qwen3.7-flash']\nproviders keys: ['deepseek-chat', 'qwen3.7-flash', 'deepse
cfg enabled: True
classify result: simple
current model: deepseek-v4-pro, list_key: simple_models, model_list: ['deepseek-chat', 'qwen3.7-flash']
providers keys: ['deepseek-chat', 'qwen3.7-flash', 'deepseek-v4-pro', 'qwen3.7-plus']
prices keys: ['deepseek-chat', 'qwen3.7-flash', 'deepseek-v4-pro', 'qwen3.7-plus']
CANDIDATE deepseek-chat price=0.14
CANDIDATE qwen3.7-flash price=0.1
candidates count: 2
trying candidates: ['qwen3.7-flash', 'deepseek-chat']
--- try #1: qwen3.7-flash ---
FAILED qwen3.7-flash: Error code: 403 - {'error': {'message': 'Access to model denied. Please make sure you are eligible for using the model.', 'id': 'f8f7a439-a124-91d5-a43c-3ce11066044d', 'type': 'AccessDenied.Unpurchased', 'code': 'AccessDenied.Unpurchased'}}
--- try #2: deepseek-chat ---
SUCCESS! model=deepseek-v4-flash choices=1
=== on_llm_execution ENTER ===
request type: dict
context keys: ['original_request', 'task_id', 'turn_id', 'api_request_id', 'session_id', 'platform', 'model', 'provider', 'base_url', 'api_mode', 'api_call_count', 'middleware_trace', 'telemetry_schema_version', 'middleware_schema_version']
messages count: 71
last message: 不是啊，我有这个模型啊，而且你也看到了我切换成qwen3.7-flash，他确实回答他是什么模型了啊
cfg enabled: True
classify result: simple
current model: deepseek-v4-pro, list_key: simple_models, model_list: ['deepseek-chat', 'qwen3.7-flash']
providers keys: ['deepseek-chat', 'qwen3.7-flash', 'deepseek-v4-pro', 'qwen3.7-plus']
prices keys: ['deepseek-chat', 'qwen3.7-flash', 'deepseek-v4-pro', 'qwen3.7-plus']
CANDIDATE deepseek-chat price=0.14
CANDIDATE qwen3.7-flash price=0.1
candidates count: 2
trying candidates: ['qwen3.7-flash', 'deepseek-chat']
--- try #1: qwen3.7-flash ---
FAILED qwen3.7-flash: Error code: 403 - {'error': {'message': 'Access to model denied. Please make sure you are eligible for using the model.', 'id': '56103ae5-ddd0-91a1-a85b-175487033753', 'type': 'AccessDenied.Unpurchased', 'code': 'AccessDenied.Unpurchased'}}
--- try #2: deepseek-chat ---
SUCCESS! model=deepseek-v4-flash choices=1
=== on_llm_execution ENTER ===
request type: dict
context keys: ['original_request', 'task_id', 'turn_id', 'api_request_id', 'session_id', 'platform', 'model', 'provider', 'base_url', 'api_mode', 'api_call_count', 'middleware_trace', 'telemetry_schema_version', 'middleware_schema_version']
messages count: 73
last message: {"output": "config.yaml 里的 key 数量: 1\n  custom_providers[0] 长度=115 前缀=sk-ws-H.EI... 后缀=...Sl1LbA\nQWEN_MAAS_API_KEY 长度=115 前缀=sk-ws-H.EI... 后缀=...Sl1LbA\n  和 custom_providers[0] 相同? True", "exit_code"
cfg enabled: True
classify result: simple
current model: deepseek-v4-pro, list_key: simple_models, model_list: ['deepseek-chat', 'qwen3.7-flash']
providers keys: ['deepseek-chat', 'qwen3.7-flash', 'deepseek-v4-pro', 'qwen3.7-plus']
prices keys: ['deepseek-chat', 'qwen3.7-flash', 'deepseek-v4-pro', 'qwen3.7-plus']
CANDIDATE deepseek-chat price=0.14
CANDIDATE qwen3.7-flash price=0.1
candidates count: 2
trying candidates: ['qwen3.7-flash', 'deepseek-chat']
--- try #1: qwen3.7-flash ---
FAILED qwen3.7-flash: Error code: 403 - {'error': {'message': 'Access to model denied. Please make sure you are eligible for using the model.', 'id': '89f9fc92-f232-9d89-abcc-cb1f3d3201e2', 'type': 'AccessDenied.Unpurchased', 'code': 'AccessDenied.Unpurchased'}}
--- try #2: deepseek-chat ---
SUCCESS! model=deepseek-v4-flash choices=1
=== on_llm_execution ENTER ===
request type: dict
context keys: ['original_request', 'task_id', 'turn_id', 'api_request_id', 'session_id', 'platform', 'model', 'provider', 'base_url', 'api_mode', 'api_call_count', 'middleware_trace', 'telemetry_schema_version', 'middleware_schema_version']
messages count: 75
last message: {"output": "base_url: https://ws-259ekv5sjk9xfvw6.cn-beijing.maas.aliyuncs.com/compatible-mode/v1\n=== 实验1: 最小请求 ===\n失败: Error code: 403 - {'error': {'message': 'Access to model denied. Please make s
cfg enabled: True
classify result: simple
current model: deepseek-v4-pro, list_key: simple_models, model_list: ['deepseek-chat', 'qwen3.7-flash']
providers keys: ['deepseek-chat', 'qwen3.7-flash', 'deepseek-v4-pro', 'qwen3.7-plus']
prices keys: ['deepseek-chat', 'qwen3.7-flash', 'deepseek-v4-pro', 'qwen3.7-plus']
CANDIDATE deepseek-chat price=0.14
CANDIDATE qwen3.7-flash price=0.1
candidates count: 2
trying candidates: ['qwen3.7-flash', 'deepseek-chat']
--- try #1: qwen3.7-flash ---
FAILED qwen3.7-flash: Error code: 403 - {'error': {'message': 'Access to model denied. Please make sure you are eligible for using the model.', 'id': 'c8fe061f-d100-96fa-a380-12598ae2f596', 'type': 'AccessDenied.Unpurchased', 'code': 'AccessDenied.Unpurchased'}}
--- try #2: deepseek-chat ---
=== on_llm_execution ENTER ===
request type: dict
context keys: ['original_request', 'task_id', 'turn_id', 'api_request_id', 'session_id', 'platform', 'model', 'provider', 'base_url', 'api_mode', 'api_call_count', 'middleware_trace', 'telemetry_schema_version', 'middleware_schema_version']
messages count: 21
last message: 那为啥我切换hermes模型到qwen3.7-flash，他还能回答我
cfg enabled: True
classify result: simple
current model: deepseek-v4-pro, list_key: simple_models, model_list: ['deepseek-chat', 'qwen3.7-flash']
providers keys: ['deepseek-chat', 'qwen3.7-flash', 'deepseek-v4-pro', 'qwen3.7-plus']
prices keys: ['deepseek-chat', 'qwen3.7-flash', 'deepseek-v4-pro', 'qwen3.7-plus']
CANDIDATE deepseek-chat price=0.14
CANDIDATE qwen3.7-flash price=0.1
candidates count: 2
trying candidates: ['qwen3.7-flash', 'deepseek-chat']
--- try #1: qwen3.7-flash ---
FAILED qwen3.7-flash: Error code: 403 - {'error': {'message': 'Access to model denied. Please make sure you are eligible for using the model.', 'id': '9677bb97-310d-99de-9f31-063bc90af50a', 'type': 'AccessDenied.Unpurchased', 'code': 'AccessDenied.Unpurchased'}}
--- try #2: deepseek-chat ---
SUCCESS! model=deepseek-v4-flash choices=1
=== on_llm_execution ENTER ===
request type: dict
context keys: ['original_request', 'task_id', 'turn_id', 'api_request_id', 'session_id', 'platform', 'model', 'provider', 'base_url', 'api_mode', 'api_call_count', 'middleware_trace', 'telemetry_schema_version', 'middleware_schema_version']
messages count: 77
last message: {"output": "10:current model: deepseek-v4-pro, list_key: simple_models, model_list: ['deepseek-chat', 'qwen3.7-flash']\n11:providers keys: ['deepseek-chat', 'qwen3.7-flash', 'deepseek-v4-pro', 'qwen3.
cfg enabled: True
classify result: simple
current model: deepseek-v4-pro, list_key: simple_models, model_list: ['deepseek-chat', 'qwen3.7-flash']
providers keys: ['deepseek-chat', 'qwen3.7-flash', 'deepseek-v4-pro', 'qwen3.7-plus']
prices keys: ['deepseek-chat', 'qwen3.7-flash', 'deepseek-v4-pro', 'qwen3.7-plus']
CANDIDATE deepseek-chat price=0.14
CANDIDATE qwen3.7-flash price=0.1
candidates count: 2
trying candidates: ['qwen3.7-flash', 'deepseek-chat']
--- try #1: qwen3.7-flash ---
FAILED qwen3.7-flash: Error code: 403 - {'error': {'message': 'Access to model denied. Please make sure you are eligible for using the model.', 'id': '9e849b6a-24fb-915c-86e4-f87455ec03f5', 'type': 'AccessDenied.Unpurchased', 'code': 'AccessDenied.Unpurchased'}}
--- try #2: deepseek-chat ---
SUCCESS! model=deepseek-v4-flash choices=1
SUCCESS! model=deepseek-v4-flash choices=1
=== on_llm_execution ENTER ===
request type: dict
context keys: ['original_request', 'task_id', 'turn_id', 'api_request_id', 'session_id', 'platform', 'model', 'provider', 'base_url', 'api_mode', 'api_call_count', 'middleware_trace', 'telemetry_schema_version', 'middleware_schema_version']
messages count: 79
last message: {"output": "10:current model: deepseek-v4-pro, list_key: simple_models, model_list: ['deepseek-chat', 'qwen3.7-flash']\n18:SUCCESS! model=qwen3.7-flash choices=1\n26:current model: deepseek-v4-pro, li
cfg enabled: True
classify result: simple
current model: deepseek-v4-pro, list_key: simple_models, model_list: ['deepseek-chat', 'qwen3.7-flash']
providers keys: ['deepseek-chat', 'qwen3.7-flash', 'deepseek-v4-pro', 'qwen3.7-plus']
prices keys: ['deepseek-chat', 'qwen3.7-flash', 'deepseek-v4-pro', 'qwen3.7-plus']
CANDIDATE deepseek-chat price=0.14
CANDIDATE qwen3.7-flash price=0.1
candidates count: 2
trying candidates: ['qwen3.7-flash', 'deepseek-chat']
--- try #1: qwen3.7-flash ---
FAILED qwen3.7-flash: Error code: 403 - {'error': {'message': 'Access to model denied. Please make sure you are eligible for using the model.', 'id': 'e8f55fec-566b-9930-959f-fd3c9be1effc', 'type': 'AccessDenied.Unpurchased', 'code': 'AccessDenied.Unpurchased'}}
--- try #2: deepseek-chat ---
=== on_llm_execution ENTER ===
request type: dict
context keys: ['original_request', 'task_id', 'turn_id', 'api_request_id', 'session_id', 'platform', 'model', 'provider', 'base_url', 'api_mode', 'api_call_count', 'middleware_trace', 'telemetry_schema_version', 'middleware_schema_version']
messages count: 23
last message: 但是他说他自己是qwen3.7-flash啊
cfg enabled: True
classify result: simple
current model: deepseek-v4-pro, list_key: simple_models, model_list: ['deepseek-chat', 'qwen3.7-flash']
providers keys: ['deepseek-chat', 'qwen3.7-flash', 'deepseek-v4-pro', 'qwen3.7-plus']
prices keys: ['deepseek-chat', 'qwen3.7-flash', 'deepseek-v4-pro', 'qwen3.7-plus']
CANDIDATE deepseek-chat price=0.14
CANDIDATE qwen3.7-flash price=0.1
candidates count: 2
trying candidates: ['qwen3.7-flash', 'deepseek-chat']
--- try #1: qwen3.7-flash ---
FAILED qwen3.7-flash: Error code: 403 - {'error': {'message': 'Access to model denied. Please make sure you are eligible for using the model.', 'id': '5fd517d5-5968-990e-b496-38dac5ab8d11', 'type': 'AccessDenied.Unpurchased', 'code': 'AccessDenied.Unpurchased'}}
--- try #2: deepseek-chat ---
SUCCESS! model=deepseek-v4-flash choices=1
SUCCESS! model=deepseek-v4-flash choices=1
=== on_llm_execution ENTER ===
request type: dict
context keys: ['original_request', 'task_id', 'turn_id', 'api_request_id', 'session_id', 'platform', 'model', 'provider', 'base_url', 'api_mode', 'api_call_count', 'middleware_trace', 'telemetry_schema_version', 'middleware_schema_version']
messages count: 81
last message: {"output": "=== qwen3.7-flash ===\n失败: Error code: 403 - {'error': {'message': 'Access to model denied. Please make sure you are eligible for using the model.', 'id': 'e1e330ab-0142-9eac-b595-1fb36da\
cfg enabled: True
classify result: simple
current model: deepseek-v4-pro, list_key: simple_models, model_list: ['deepseek-chat', 'qwen3.7-flash']
providers keys: ['deepseek-chat', 'qwen3.7-flash', 'deepseek-v4-pro', 'qwen3.7-plus']
prices keys: ['deepseek-chat', 'qwen3.7-flash', 'deepseek-v4-pro', 'qwen3.7-plus']
CANDIDATE deepseek-chat price=0.14
CANDIDATE qwen3.7-flash price=0.1
candidates count: 2
trying candidates: ['qwen3.7-flash', 'deepseek-chat']
--- try #1: qwen3.7-flash ---
FAILED qwen3.7-flash: Error code: 403 - {'error': {'message': 'Access to model denied. Please make sure you are eligible for using the model.', 'id': '65321d44-e839-9f4c-8095-a54f5ed76daa', 'type': 'AccessDenied.Unpurchased', 'code': 'AccessDenied.Unpurchased'}}
--- try #2: deepseek-chat ---
=== on_llm_execution ENTER ===
request type: dict
context keys: ['original_request', 'task_id', 'turn_id', 'api_request_id', 'session_id', 'platform', 'model', 'provider', 'base_url', 'api_mode', 'api_call_count', 'middleware_trace', 'telemetry_schema_version', 'middleware_schema_version']
messages count: 25
last message: 那帮我删了吧
cfg enabled: True
classify result: simple
current model: deepseek-v4-pro, list_key: simple_models, model_list: ['deepseek-chat', 'qwen3.7-flash']
providers keys: ['deepseek-chat', 'qwen3.7-flash', 'deepseek-v4-pro', 'qwen3.7-plus']
prices keys: ['deepseek-chat', 'qwen3.7-flash', 'deepseek-v4-pro', 'qwen3.7-plus']
CANDIDATE deepseek-chat price=0.14
CANDIDATE qwen3.7-flash price=0.1
candidates count: 2
trying candidates: ['qwen3.7-flash', 'deepseek-chat']
--- try #1: qwen3.7-flash ---
FAILED qwen3.7-flash: Error code: 403 - {'error': {'message': 'Access to model denied. Please make sure you are eligible for using the model.', 'id': '223b5c3b-f010-9494-be46-8a22e795734c', 'type': 'AccessDenied.Unpurchased', 'code': 'AccessDenied.Unpurchased'}}
--- try #2: deepseek-chat ---
SUCCESS! model=deepseek-v4-flash choices=1
=== on_llm_execution ENTER ===
request type: dict
context keys: ['original_request', 'task_id', 'turn_id', 'api_request_id', 'session_id', 'platform', 'model', 'provider', 'base_url', 'api_mode', 'api_call_count', 'middleware_trace', 'telemetry_schema_version', 'middleware_schema_version']
messages count: 84
last message: {"output": "CANDIDATE deepseek-chat price=0.14\nCANDIDATE qwen3.7-flash price=0.1\ncandidates count: 2\ntrying candidates: ['qwen3.7-flash', 'deepseek-chat']\n--- try #1: qwen3.7-flash ---\nFAILED qwe
cfg enabled: True
classify result: simple
current model: deepseek-v4-pro, list_key: simple_models, model_list: ['deepseek-chat', 'qwen3.7-flash']
providers keys: ['deepseek-chat', 'qwen3.7-flash', 'deepseek-v4-pro', 'qwen3.7-plus']
prices keys: ['deepseek-chat', 'qwen3.7-flash', 'deepseek-v4-pro', 'qwen3.7-plus']
CANDIDATE deepseek-chat price=0.14
CANDIDATE qwen3.7-flash price=0.1
candidates count: 2
trying candidates: ['qwen3.7-flash', 'deepseek-chat']
--- try #1: qwen3.7-flash ---
FAILED qwen3.7-flash: Error code: 403 - {'error': {'message': 'Access to model denied. Please make sure you are eligible for using the model.', 'id': '6876e598-f991-9f11-b6cc-23a1d96d4b6b', 'type': 'AccessDenied.Unpurchased', 'code': 'AccessDenied.Unpurchased'}}
--- try #2: deepseek-chat ---
SUCCESS! model=deepseek-v4-flash choices=1
=== on_llm_execution ENTER ===
request type: dict
context keys: ['original_request', 'task_id', 'turn_id', 'api_request_id', 'session_id', 'platform', 'model', 'provider', 'base_url', 'api_mode', 'api_call_count', 'middleware_trace', 'telemetry_schema_version', 'middleware_schema_version']
messages count: 86
last message: {"total_count": 0}
cfg enabled: True
classify result: simple
current model: deepseek-v4-pro, list_key: simple_models, model_list: ['deepseek-chat', 'qwen3.7-flash']
providers keys: ['deepseek-chat', 'qwen3.7-flash', 'deepseek-v4-pro', 'qwen3.7-plus']
prices keys: ['deepseek-chat', 'qwen3.7-flash', 'deepseek-v4-pro', 'qwen3.7-plus']
CANDIDATE deepseek-chat price=0.14
CANDIDATE qwen3.7-flash price=0.1
candidates count: 2
trying candidates: ['qwen3.7-flash', 'deepseek-chat']
--- try #1: qwen3.7-flash ---
FAILED qwen3.7-flash: Error code: 403 - {'error': {'message': 'Access to model denied. Please make sure you are eligible for using the model.', 'id': '9d39cfd8-856f-9793-a826-1f50b4bb88a4', 'type': 'AccessDenied.Unpurchased', 'code': 'AccessDenied.Unpurchased'}}
--- try #2: deepseek-chat ---
SUCCESS! model=deepseek-v4-flash choices=1
=== on_llm_execution ENTER ===
request type: dict
context keys: ['original_request', 'task_id', 'turn_id', 'api_request_id', 'session_id', 'platform', 'model', 'provider', 'base_url', 'api_mode', 'api_call_count', 'middleware_trace', 'telemetry_schema_version', 'middleware_schema_version']
messages count: 88
last message: {"output": "1:model:\n2-  default: deepseek-v4-flash\n3-  provider: deepseek\n4-  base_url: https://api.deepseek.com/v1\n5-agent:\n6-  max_turns: 150\n7-display:\n8-  tool_progress: all\n9-onboarding:
cfg enabled: True
classify result: simple
current model: deepseek-v4-pro, list_key: simple_models, model_list: ['deepseek-chat', 'qwen3.7-flash']
providers keys: ['deepseek-chat', 'qwen3.7-flash', 'deepseek-v4-pro', 'qwen3.7-plus']
prices keys: ['deepseek-chat', 'qwen3.7-flash', 'deepseek-v4-pro', 'qwen3.7-plus']
CANDIDATE deepseek-chat price=0.14
CANDIDATE qwen3.7-flash price=0.1
candidates count: 2
trying candidates: ['qwen3.7-flash', 'deepseek-chat']
--- try #1: qwen3.7-flash ---
FAILED qwen3.7-flash: Error code: 403 - {'error': {'message': 'Access to model denied. Please make sure you are eligible for using the model.', 'id': 'c12882c4-311e-9e62-abf5-c31880f6862e', 'type': 'AccessDenied.Unpurchased', 'code': 'AccessDenied.Unpurchased'}}
--- try #2: deepseek-chat ---
SUCCESS! model=deepseek-v4-flash choices=1
=== on_llm_execution ENTER ===
request type: dict
context keys: ['original_request', 'task_id', 'turn_id', 'api_request_id', 'session_id', 'platform', 'model', 'provider', 'base_url', 'api_mode', 'api_call_count', 'middleware_trace', 'telemetry_schema_version', 'middleware_schema_version']
messages count: 28
last message: {"content": "1|# 模型价格（每百万 token 的美元价格，占位值）\n2|# 排序逻辑只要求相对大小对\n3|\n4|deepseek-chat:\n5|  input: 0.14\n6|  output: 0.28\n7|\n8|qwen3.7-flash:\n9|  input: 0.10\n10|  output: 0.20\n11|\n12|deepseek-v4-pro
cfg enabled: True
classify result: simple
current model: deepseek-v4-pro, list_key: simple_models, model_list: ['deepseek-chat', 'qwen3.7-flash']
providers keys: ['deepseek-chat', 'qwen3.7-flash', 'deepseek-v4-pro', 'qwen3.7-plus']
prices keys: ['deepseek-chat', 'qwen3.7-flash', 'deepseek-v4-pro', 'qwen3.7-plus']
CANDIDATE deepseek-chat price=0.14
CANDIDATE qwen3.7-flash price=0.1
candidates count: 2
trying candidates: ['qwen3.7-flash', 'deepseek-chat']
--- try #1: qwen3.7-flash ---
FAILED qwen3.7-flash: Error code: 403 - {'error': {'message': 'Access to model denied. Please make sure you are eligible for using the model.', 'id': 'd0a637fb-b06c-9b2a-b583-3234493a8a6d', 'type': 'AccessDenied.Unpurchased', 'code': 'AccessDenied.Unpurchased'}}
--- try #2: deepseek-chat ---
SUCCESS! model=deepseek-v4-flash choices=1
=== on_llm_execution ENTER ===
request type: dict
context keys: ['original_request', 'task_id', 'turn_id', 'api_request_id', 'session_id', 'platform', 'model', 'provider', 'base_url', 'api_mode', 'api_call_count', 'middleware_trace', 'telemetry_schema_version', 'middleware_schema_version']
messages count: 31
last message: {"success": true, "diff": "--- a//home/linzizhou/.hermes/plugins/smart-router/prices.yaml\n+++ b//home/linzizhou/.hermes/plugins/smart-router/prices.yaml\n@@ -4,10 +4,6 @@\n deepseek-chat:\n   input: 
cfg enabled: True
classify result: simple
current model: deepseek-v4-pro, list_key: simple_models, model_list: ['deepseek-chat', 'qwen3.7-flash']
providers keys: ['deepseek-chat', 'qwen3.7-flash', 'deepseek-v4-pro', 'qwen3.7-plus']
prices keys: ['deepseek-chat', 'deepseek-v4-pro', 'qwen3.7-plus']
CANDIDATE deepseek-chat price=0.14
SKIP qwen3.7-flash: pcfg=True, price=False
candidates count: 1
trying candidates: ['deepseek-chat']
--- try #1: deepseek-chat ---
SUCCESS! model=deepseek-v4-flash choices=1
=== on_llm_execution ENTER ===
request type: dict
context keys: ['original_request', 'task_id', 'turn_id', 'api_request_id', 'session_id', 'platform', 'model', 'provider', 'base_url', 'api_mode', 'api_call_count', 'middleware_trace', 'telemetry_schema_version', 'middleware_schema_version']
messages count: 90
last message: {"output": "Traceback (most recent call last):\n  File \"<string>\", line 9, in <module>\n  File \"/home/linzizhou/Hermes_code/hermes-agent/providers/__init__.py\", line 72, in get_provider_profile\n 
cfg enabled: True
classify result: simple
current model: deepseek-v4-pro, list_key: simple_models, model_list: ['deepseek-chat', 'qwen3.7-flash']
providers keys: ['deepseek-chat', 'qwen3.7-flash', 'deepseek-v4-pro', 'qwen3.7-plus']
prices keys: ['deepseek-chat', 'deepseek-v4-pro', 'qwen3.7-plus']
CANDIDATE deepseek-chat price=0.14
SKIP qwen3.7-flash: pcfg=True, price=False
candidates count: 1
trying candidates: ['deepseek-chat']
--- try #1: deepseek-chat ---
SUCCESS! model=deepseek-v4-flash choices=1
=== on_llm_execution ENTER ===
request type: dict
context keys: ['original_request', 'task_id', 'turn_id', 'api_request_id', 'session_id', 'platform', 'model', 'provider', 'base_url', 'api_mode', 'api_call_count', 'middleware_trace', 'telemetry_schema_version', 'middleware_schema_version']
messages count: 33
last message: {"output": "✓ Set smart_model_routing.simple_models = [\"deepseek-chat\"] in /home/linzizhou/.hermes/config.yaml\n⚠ 'smart_model_routing.simple_models' is not a recognized config key — it was saved an
cfg enabled: True
classify result: simple
current model: deepseek-v4-pro, list_key: simple_models, model_list: ["deepseek-chat"]
providers keys: ['deepseek-chat', 'qwen3.7-flash', 'deepseek-v4-pro', 'qwen3.7-plus']
prices keys: ['deepseek-chat', 'deepseek-v4-pro', 'qwen3.7-plus']
SKIP [: pcfg=False, price=False
SKIP ": pcfg=False, price=False
SKIP d: pcfg=False, price=False
SKIP e: pcfg=False, price=False
SKIP e: pcfg=False, price=False
SKIP p: pcfg=False, price=False
SKIP s: pcfg=False, price=False
SKIP e: pcfg=False, price=False
SKIP e: pcfg=False, price=False
SKIP k: pcfg=False, price=False
SKIP -: pcfg=False, price=False
SKIP c: pcfg=False, price=False
SKIP h: pcfg=False, price=False
SKIP a: pcfg=False, price=False
SKIP t: pcfg=False, price=False
SKIP ": pcfg=False, price=False
SKIP ]: pcfg=False, price=False
candidates count: 0
FALLBACK: no candidates
SUCCESS! model=deepseek-v4-flash choices=1
=== on_llm_execution ENTER ===
request type: dict
context keys: ['original_request', 'task_id', 'turn_id', 'api_request_id', 'session_id', 'platform', 'model', 'provider', 'base_url', 'api_mode', 'api_call_count', 'middleware_trace', 'telemetry_schema_version', 'middleware_schema_version']
messages count: 92
last message: {"output": "", "exit_code": 0, "error": null}
cfg enabled: True
classify result: simple
current model: deepseek-v4-pro, list_key: simple_models, model_list: ["deepseek-chat"]
providers keys: ['deepseek-chat', 'qwen3.7-flash', 'deepseek-v4-pro', 'qwen3.7-plus']
prices keys: ['deepseek-chat', 'deepseek-v4-pro', 'qwen3.7-plus']
SKIP [: pcfg=False, price=False
SKIP ": pcfg=False, price=False
SKIP d: pcfg=False, price=False
SKIP e: pcfg=False, price=False
SKIP e: pcfg=False, price=False
SKIP p: pcfg=False, price=False
SKIP s: pcfg=False, price=False
SKIP e: pcfg=False, price=False
SKIP e: pcfg=False, price=False
SKIP k: pcfg=False, price=False
SKIP -: pcfg=False, price=False
SKIP c: pcfg=False, price=False
SKIP h: pcfg=False, price=False
SKIP a: pcfg=False, price=False
SKIP t: pcfg=False, price=False
SKIP ": pcfg=False, price=False
SKIP ]: pcfg=False, price=False
candidates count: 0
FALLBACK: no candidates
=== on_llm_execution ENTER ===
request type: dict
context keys: ['original_request', 'task_id', 'turn_id', 'api_request_id', 'session_id', 'platform', 'model', 'provider', 'base_url', 'api_mode', 'api_call_count', 'middleware_trace', 'telemetry_schema_version', 'middleware_schema_version']
messages count: 35
last message: {"output": "Config key not set: smart_model_routing.providers.qwen3.7-flash", "exit_code": 0, "error": null}
cfg enabled: True
classify result: simple
current model: deepseek-v4-pro, list_key: simple_models, model_list: ["deepseek-chat"]
providers keys: ['deepseek-chat', 'qwen3.7-flash', 'deepseek-v4-pro', 'qwen3.7-plus']
prices keys: ['deepseek-chat', 'deepseek-v4-pro', 'qwen3.7-plus']
SKIP [: pcfg=False, price=False
SKIP ": pcfg=False, price=False
SKIP d: pcfg=False, price=False
SKIP e: pcfg=False, price=False
SKIP e: pcfg=False, price=False
SKIP p: pcfg=False, price=False
SKIP s: pcfg=False, price=False
SKIP e: pcfg=False, price=False
SKIP e: pcfg=False, price=False
SKIP k: pcfg=False, price=False
SKIP -: pcfg=False, price=False
SKIP c: pcfg=False, price=False
SKIP h: pcfg=False, price=False
SKIP a: pcfg=False, price=False
SKIP t: pcfg=False, price=False
SKIP ": pcfg=False, price=False
SKIP ]: pcfg=False, price=False
candidates count: 0
FALLBACK: no candidates
=== on_llm_execution ENTER ===
request type: dict
context keys: ['original_request', 'task_id', 'turn_id', 'api_request_id', 'session_id', 'platform', 'model', 'provider', 'base_url', 'api_mode', 'api_call_count', 'middleware_trace', 'telemetry_schema_version', 'middleware_schema_version']
messages count: 94
last message: {"output": "Traceback (most recent call last):\n  File \"<string>\", line 6, in <module>\nImportError: cannot import name '_PROVIDERS' from 'providers' (/home/linzizhou/Hermes_code/hermes-agent/provid
cfg enabled: True
classify result: simple
current model: deepseek-v4-pro, list_key: simple_models, model_list: ["deepseek-chat"]
providers keys: ['deepseek-chat', 'qwen3.7-flash', 'deepseek-v4-pro', 'qwen3.7-plus']
prices keys: ['deepseek-chat', 'deepseek-v4-pro', 'qwen3.7-plus']
SKIP [: pcfg=False, price=False
SKIP ": pcfg=False, price=False
SKIP d: pcfg=False, price=False
SKIP e: pcfg=False, price=False
SKIP e: pcfg=False, price=False
SKIP p: pcfg=False, price=False
SKIP s: pcfg=False, price=False
SKIP e: pcfg=False, price=False
SKIP e: pcfg=False, price=False
SKIP k: pcfg=False, price=False
SKIP -: pcfg=False, price=False
SKIP c: pcfg=False, price=False
SKIP h: pcfg=False, price=False
SKIP a: pcfg=False, price=False
SKIP t: pcfg=False, price=False
SKIP ": pcfg=False, price=False
SKIP ]: pcfg=False, price=False
candidates count: 0
FALLBACK: no candidates
=== on_llm_execution ENTER ===
request type: dict
context keys: ['original_request', 'task_id', 'turn_id', 'api_request_id', 'session_id', 'platform', 'model', 'provider', 'base_url', 'api_mode', 'api_call_count', 'middleware_trace', 'telemetry_schema_version', 'middleware_schema_version']
messages count: 37
last message: {"output": "deepseek-chat:\n  base_url: https://api.deepseek.com/v1\n  api_key_env: DEEPSEEK_API_KEY\nqwen3.7-flash:\n  base_url: https://ws-259ekv5sjk9xfvw6.cn-beijing.maas.aliyuncs.com/compatible-mo
cfg enabled: True
classify result: simple
current model: deepseek-v4-pro, list_key: simple_models, model_list: ["deepseek-chat"]
providers keys: ['deepseek-chat', 'qwen3.7-flash', 'deepseek-v4-pro', 'qwen3.7-plus']
prices keys: ['deepseek-chat', 'deepseek-v4-pro', 'qwen3.7-plus']
SKIP [: pcfg=False, price=False
SKIP ": pcfg=False, price=False
SKIP d: pcfg=False, price=False
SKIP e: pcfg=False, price=False
SKIP e: pcfg=False, price=False
SKIP p: pcfg=False, price=False
SKIP s: pcfg=False, price=False
SKIP e: pcfg=False, price=False
SKIP e: pcfg=False, price=False
SKIP k: pcfg=False, price=False
SKIP -: pcfg=False, price=False
SKIP c: pcfg=False, price=False
SKIP h: pcfg=False, price=False
SKIP a: pcfg=False, price=False
SKIP t: pcfg=False, price=False
SKIP ": pcfg=False, price=False
SKIP ]: pcfg=False, price=False
candidates count: 0
FALLBACK: no candidates
=== on_llm_execution ENTER ===
request type: dict
context keys: ['original_request', 'task_id', 'turn_id', 'api_request_id', 'session_id', 'platform', 'model', 'provider', 'base_url', 'api_mode', 'api_call_count', 'middleware_trace', 'telemetry_schema_version', 'middleware_schema_version']
messages count: 96
last message: 帮我
cfg enabled: True
classify result: simple
current model: deepseek-v4-pro, list_key: simple_models, model_list: ["deepseek-chat"]
providers keys: ['deepseek-chat', 'qwen3.7-flash', 'deepseek-v4-pro', 'qwen3.7-plus']
prices keys: ['deepseek-chat', 'deepseek-v4-pro', 'qwen3.7-plus']
SKIP [: pcfg=False, price=False
SKIP ": pcfg=False, price=False
SKIP d: pcfg=False, price=False
SKIP e: pcfg=False, price=False
SKIP e: pcfg=False, price=False
SKIP p: pcfg=False, price=False
SKIP s: pcfg=False, price=False
SKIP e: pcfg=False, price=False
SKIP e: pcfg=False, price=False
SKIP k: pcfg=False, price=False
SKIP -: pcfg=False, price=False
SKIP c: pcfg=False, price=False
SKIP h: pcfg=False, price=False
SKIP a: pcfg=False, price=False
SKIP t: pcfg=False, price=False
SKIP ": pcfg=False, price=False
SKIP ]: pcfg=False, price=False
candidates count: 0
FALLBACK: no candidates
=== on_llm_execution ENTER ===
request type: dict
context keys: ['original_request', 'task_id', 'turn_id', 'api_request_id', 'session_id', 'platform', 'model', 'provider', 'base_url', 'api_mode', 'api_call_count', 'middleware_trace', 'telemetry_schema_version', 'middleware_schema_version']
messages count: 98
last message: {"content": "15|  mode: none\n16|plugins:\n17|  enabled:\n18|    - smart-router\n19|smart_model_routing:\n20|  enabled: true\n21|  simple_models: '[\"deepseek-chat\"]'\n22|  complex_models:\n23|    - 
cfg enabled: True
classify result: simple
current model: deepseek-v4-pro, list_key: simple_models, model_list: ["deepseek-chat"]
providers keys: ['deepseek-chat', 'qwen3.7-flash', 'deepseek-v4-pro', 'qwen3.7-plus']
prices keys: ['deepseek-chat', 'deepseek-v4-pro', 'qwen3.7-plus']
SKIP [: pcfg=False, price=False
SKIP ": pcfg=False, price=False
SKIP d: pcfg=False, price=False
SKIP e: pcfg=False, price=False
SKIP e: pcfg=False, price=False
SKIP p: pcfg=False, price=False
SKIP s: pcfg=False, price=False
SKIP e: pcfg=False, price=False
SKIP e: pcfg=False, price=False
SKIP k: pcfg=False, price=False
SKIP -: pcfg=False, price=False
SKIP c: pcfg=False, price=False
SKIP h: pcfg=False, price=False
SKIP a: pcfg=False, price=False
SKIP t: pcfg=False, price=False
SKIP ": pcfg=False, price=False
SKIP ]: pcfg=False, price=False
candidates count: 0
FALLBACK: no candidates
=== on_llm_execution ENTER ===
request type: dict
context keys: ['original_request', 'task_id', 'turn_id', 'api_request_id', 'session_id', 'platform', 'model', 'provider', 'base_url', 'api_mode', 'api_call_count', 'middleware_trace', 'telemetry_schema_version', 'middleware_schema_version']
messages count: 100
last message: {"error": "Refusing to write to Hermes config file: /home/linzizhou/.hermes/config.yaml\nAgent cannot modify security-sensitive configuration. Edit ~/.hermes/config.yaml directly or use 'hermes config
cfg enabled: True
classify result: simple
current model: deepseek-v4-pro, list_key: simple_models, model_list: ["deepseek-chat"]
providers keys: ['deepseek-chat', 'qwen3.7-flash', 'deepseek-v4-pro', 'qwen3.7-plus']
prices keys: ['deepseek-chat', 'deepseek-v4-pro', 'qwen3.7-plus']
SKIP [: pcfg=False, price=False
SKIP ": pcfg=False, price=False
SKIP d: pcfg=False, price=False
SKIP e: pcfg=False, price=False
SKIP e: pcfg=False, price=False
SKIP p: pcfg=False, price=False
SKIP s: pcfg=False, price=False
SKIP e: pcfg=False, price=False
SKIP e: pcfg=False, price=False
SKIP k: pcfg=False, price=False
SKIP -: pcfg=False, price=False
SKIP c: pcfg=False, price=False
SKIP h: pcfg=False, price=False
SKIP a: pcfg=False, price=False
SKIP t: pcfg=False, price=False
SKIP ": pcfg=False, price=False
SKIP ]: pcfg=False, price=False
candidates count: 0
FALLBACK: no candidates
=== on_llm_execution ENTER ===
request type: dict
context keys: ['original_request', 'task_id', 'turn_id', 'api_request_id', 'session_id', 'platform', 'model', 'provider', 'base_url', 'api_mode', 'api_call_count', 'middleware_trace', 'telemetry_schema_version', 'middleware_schema_version']
messages count: 102
last message: {"output": "usage: hermes config [-h]\n                     {show,edit,get,set,unset,path,env-path,check,migrate} ...\n\nManage Hermes Agent configuration\n\npositional arguments:\n  {show,edit,get,se
cfg enabled: True
classify result: simple
current model: deepseek-v4-pro, list_key: simple_models, model_list: ["deepseek-chat"]
providers keys: ['deepseek-chat', 'qwen3.7-flash', 'deepseek-v4-pro', 'qwen3.7-plus']
prices keys: ['deepseek-chat', 'deepseek-v4-pro', 'qwen3.7-plus']
SKIP [: pcfg=False, price=False
SKIP ": pcfg=False, price=False
SKIP d: pcfg=False, price=False
SKIP e: pcfg=False, price=False
SKIP e: pcfg=False, price=False
SKIP p: pcfg=False, price=False
SKIP s: pcfg=False, price=False
SKIP e: pcfg=False, price=False
SKIP e: pcfg=False, price=False
SKIP k: pcfg=False, price=False
SKIP -: pcfg=False, price=False
SKIP c: pcfg=False, price=False
SKIP h: pcfg=False, price=False
SKIP a: pcfg=False, price=False
SKIP t: pcfg=False, price=False
SKIP ": pcfg=False, price=False
SKIP ]: pcfg=False, price=False
candidates count: 0
FALLBACK: no candidates
=== on_llm_execution ENTER ===
request type: dict
context keys: ['original_request', 'task_id', 'turn_id', 'api_request_id', 'session_id', 'platform', 'model', 'provider', 'base_url', 'api_mode', 'api_call_count', 'middleware_trace', 'telemetry_schema_version', 'middleware_schema_version']
messages count: 104
last message: {"output": "usage: hermes config set [-h] [--force] [key] [value]\n\npositional arguments:\n  key         Configuration key (e.g., model, terminal.backend)\n  value       Value to set\n\noptions:\n  -
cfg enabled: True
classify result: simple
current model: deepseek-v4-pro, list_key: simple_models, model_list: ["deepseek-chat"]
providers keys: ['deepseek-chat', 'qwen3.7-flash', 'deepseek-v4-pro', 'qwen3.7-plus']
prices keys: ['deepseek-chat', 'deepseek-v4-pro', 'qwen3.7-plus']
SKIP [: pcfg=False, price=False
SKIP ": pcfg=False, price=False
SKIP d: pcfg=False, price=False
SKIP e: pcfg=False, price=False
SKIP e: pcfg=False, price=False
SKIP p: pcfg=False, price=False
SKIP s: pcfg=False, price=False
SKIP e: pcfg=False, price=False
SKIP e: pcfg=False, price=False
SKIP k: pcfg=False, price=False
SKIP -: pcfg=False, price=False
SKIP c: pcfg=False, price=False
SKIP h: pcfg=False, price=False
SKIP a: pcfg=False, price=False
SKIP t: pcfg=False, price=False
SKIP ": pcfg=False, price=False
SKIP ]: pcfg=False, price=False
candidates count: 0
FALLBACK: no candidates
=== on_llm_execution ENTER ===
request type: dict
context keys: ['original_request', 'task_id', 'turn_id', 'api_request_id', 'session_id', 'platform', 'model', 'provider', 'base_url', 'api_mode', 'api_call_count', 'middleware_trace', 'telemetry_schema_version', 'middleware_schema_version']
messages count: 39
last message: Review the conversation above and update the skill library. Be ACTIVE — most sessions produce at least one skill update, even if small. A pass that does nothing is a missed learning opportunity, not a
cfg enabled: True
classify result: simple
current model: deepseek-v4-pro, list_key: simple_models, model_list: ["deepseek-chat"]
providers keys: ['deepseek-chat', 'qwen3.7-flash', 'deepseek-v4-pro', 'qwen3.7-plus']
prices keys: ['deepseek-chat', 'deepseek-v4-pro', 'qwen3.7-plus']
SKIP [: pcfg=False, price=False
SKIP ": pcfg=False, price=False
SKIP d: pcfg=False, price=False
SKIP e: pcfg=False, price=False
SKIP e: pcfg=False, price=False
SKIP p: pcfg=False, price=False
SKIP s: pcfg=False, price=False
SKIP e: pcfg=False, price=False
SKIP e: pcfg=False, price=False
SKIP k: pcfg=False, price=False
SKIP -: pcfg=False, price=False
SKIP c: pcfg=False, price=False
SKIP h: pcfg=False, price=False
SKIP a: pcfg=False, price=False
SKIP t: pcfg=False, price=False
SKIP ": pcfg=False, price=False
SKIP ]: pcfg=False, price=False
candidates count: 0
FALLBACK: no candidates
=== on_llm_execution ENTER ===
request type: dict
context keys: ['original_request', 'task_id', 'turn_id', 'api_request_id', 'session_id', 'platform', 'model', 'provider', 'base_url', 'api_mode', 'api_call_count', 'middleware_trace', 'telemetry_schema_version', 'middleware_schema_version']
messages count: 96
last message: Review the conversation above and update the skill library. Be ACTIVE — most sessions produce at least one skill update, even if small. A pass that does nothing is a missed learning opportunity, not a
cfg enabled: True
classify result: simple
current model: deepseek-v4-pro, list_key: simple_models, model_list: ["deepseek-chat"]
providers keys: ['deepseek-chat', 'qwen3.7-flash', 'deepseek-v4-pro', 'qwen3.7-plus']
prices keys: ['deepseek-chat', 'deepseek-v4-pro', 'qwen3.7-plus']
SKIP [: pcfg=False, price=False
SKIP ": pcfg=False, price=False
SKIP d: pcfg=False, price=False
SKIP e: pcfg=False, price=False
SKIP e: pcfg=False, price=False
SKIP p: pcfg=False, price=False
SKIP s: pcfg=False, price=False
SKIP e: pcfg=False, price=False
SKIP e: pcfg=False, price=False
SKIP k: pcfg=False, price=False
SKIP -: pcfg=False, price=False
SKIP c: pcfg=False, price=False
SKIP h: pcfg=False, price=False
SKIP a: pcfg=False, price=False
SKIP t: pcfg=False, price=False
SKIP ": pcfg=False, price=False
SKIP ]: pcfg=False, price=False
candidates count: 0
FALLBACK: no candidates
=== on_llm_execution ENTER ===
request type: dict
context keys: ['original_request', 'task_id', 'turn_id', 'api_request_id', 'session_id', 'platform', 'model', 'provider', 'base_url', 'api_mode', 'api_call_count', 'middleware_trace', 'telemetry_schema_version', 'middleware_schema_version']
messages count: 106
last message: 我现在允许你改
cfg enabled: True
classify result: simple
current model: deepseek-v4-pro, list_key: simple_models, model_list: ["deepseek-chat"]
providers keys: ['deepseek-chat', 'qwen3.7-flash', 'deepseek-v4-pro', 'qwen3.7-plus']
prices keys: ['deepseek-chat', 'deepseek-v4-pro', 'qwen3.7-plus']
SKIP [: pcfg=False, price=False
SKIP ": pcfg=False, price=False
SKIP d: pcfg=False, price=False
SKIP e: pcfg=False, price=False
SKIP e: pcfg=False, price=False
SKIP p: pcfg=False, price=False
SKIP s: pcfg=False, price=False
SKIP e: pcfg=False, price=False
SKIP e: pcfg=False, price=False
SKIP k: pcfg=False, price=False
SKIP -: pcfg=False, price=False
SKIP c: pcfg=False, price=False
SKIP h: pcfg=False, price=False
SKIP a: pcfg=False, price=False
SKIP t: pcfg=False, price=False
SKIP ": pcfg=False, price=False
SKIP ]: pcfg=False, price=False
candidates count: 0
FALLBACK: no candidates
=== on_llm_execution ENTER ===
request type: dict
context keys: ['original_request', 'task_id', 'turn_id', 'api_request_id', 'session_id', 'platform', 'model', 'provider', 'base_url', 'api_mode', 'api_call_count', 'middleware_trace', 'telemetry_schema_version', 'middleware_schema_version']
messages count: 42
last message: {"success": true, "name": "hermes-agent", "description": "Configure, extend, or contribute to Hermes Agent.", "tags": ["hermes", "setup", "configuration", "multi-agent", "spawning", "cli", "gateway", 
cfg enabled: True
classify result: simple
current model: deepseek-v4-pro, list_key: simple_models, model_list: ["deepseek-chat"]
providers keys: ['deepseek-chat', 'qwen3.7-flash', 'deepseek-v4-pro', 'qwen3.7-plus']
prices keys: ['deepseek-chat', 'deepseek-v4-pro', 'qwen3.7-plus']
SKIP [: pcfg=False, price=False
SKIP ": pcfg=False, price=False
SKIP d: pcfg=False, price=False
SKIP e: pcfg=False, price=False
SKIP e: pcfg=False, price=False
SKIP p: pcfg=False, price=False
SKIP s: pcfg=False, price=False
SKIP e: pcfg=False, price=False
SKIP e: pcfg=False, price=False
SKIP k: pcfg=False, price=False
SKIP -: pcfg=False, price=False
SKIP c: pcfg=False, price=False
SKIP h: pcfg=False, price=False
SKIP a: pcfg=False, price=False
SKIP t: pcfg=False, price=False
SKIP ": pcfg=False, price=False
SKIP ]: pcfg=False, price=False
candidates count: 0
FALLBACK: no candidates
=== on_llm_execution ENTER ===
request type: dict
context keys: ['original_request', 'task_id', 'turn_id', 'api_request_id', 'session_id', 'platform', 'model', 'provider', 'base_url', 'api_mode', 'api_call_count', 'middleware_trace', 'telemetry_schema_version', 'middleware_schema_version']
messages count: 108
last message: {"error": "Refusing to write to Hermes config file: /home/linzizhou/.hermes/config.yaml\nAgent cannot modify security-sensitive configuration. Edit ~/.hermes/config.yaml directly or use 'hermes config
cfg enabled: True
classify result: simple
current model: deepseek-v4-pro, list_key: simple_models, model_list: ["deepseek-chat"]
providers keys: ['deepseek-chat', 'qwen3.7-flash', 'deepseek-v4-pro', 'qwen3.7-plus']
prices keys: ['deepseek-chat', 'deepseek-v4-pro', 'qwen3.7-plus']
SKIP [: pcfg=False, price=False
SKIP ": pcfg=False, price=False
SKIP d: pcfg=False, price=False
SKIP e: pcfg=False, price=False
SKIP e: pcfg=False, price=False
SKIP p: pcfg=False, price=False
SKIP s: pcfg=False, price=False
SKIP e: pcfg=False, price=False
SKIP e: pcfg=False, price=False
SKIP k: pcfg=False, price=False
SKIP -: pcfg=False, price=False
SKIP c: pcfg=False, price=False
SKIP h: pcfg=False, price=False
SKIP a: pcfg=False, price=False
SKIP t: pcfg=False, price=False
SKIP ": pcfg=False, price=False
SKIP ]: pcfg=False, price=False
candidates count: 0
FALLBACK: no candidates
=== on_llm_execution ENTER ===
request type: dict
context keys: ['original_request', 'task_id', 'turn_id', 'api_request_id', 'session_id', 'platform', 'model', 'provider', 'base_url', 'api_mode', 'api_call_count', 'middleware_trace', 'telemetry_schema_version', 'middleware_schema_version']
messages count: 98
last message: {"success": true, "name": "hermes-plugin-middleware", "description": "Trace Hermes plugin system and middleware pipeline.", "tags": ["hermes", "plugin", "middleware", "source-trace"], "related_skills"
cfg enabled: True
classify result: simple
current model: deepseek-v4-pro, list_key: simple_models, model_list: ["deepseek-chat"]
providers keys: ['deepseek-chat', 'qwen3.7-flash', 'deepseek-v4-pro', 'qwen3.7-plus']
prices keys: ['deepseek-chat', 'deepseek-v4-pro', 'qwen3.7-plus']
SKIP [: pcfg=False, price=False
SKIP ": pcfg=False, price=False
SKIP d: pcfg=False, price=False
SKIP e: pcfg=False, price=False
SKIP e: pcfg=False, price=False
SKIP p: pcfg=False, price=False
SKIP s: pcfg=False, price=False
SKIP e: pcfg=False, price=False
SKIP e: pcfg=False, price=False
SKIP k: pcfg=False, price=False
SKIP -: pcfg=False, price=False
SKIP c: pcfg=False, price=False
SKIP h: pcfg=False, price=False
SKIP a: pcfg=False, price=False
SKIP t: pcfg=False, price=False
SKIP ": pcfg=False, price=False
SKIP ]: pcfg=False, price=False
candidates count: 0
FALLBACK: no candidates
=== on_llm_execution ENTER ===
request type: dict
context keys: ['original_request', 'task_id', 'turn_id', 'api_request_id', 'session_id', 'platform', 'model', 'provider', 'base_url', 'api_mode', 'api_call_count', 'middleware_trace', 'telemetry_schema_version', 'middleware_schema_version']
messages count: 44
last message: {"success": false, "error": "Refusing background curator patch for skill 'hermes-plugin-middleware': the current SKILL.md content has not been loaded in this review turn. Call skill_view(name) for SKI
cfg enabled: True
classify result: simple
current model: deepseek-v4-pro, list_key: simple_models, model_list: ["deepseek-chat"]
providers keys: ['deepseek-chat', 'qwen3.7-flash', 'deepseek-v4-pro', 'qwen3.7-plus']
prices keys: ['deepseek-chat', 'deepseek-v4-pro', 'qwen3.7-plus']
SKIP [: pcfg=False, price=False
SKIP ": pcfg=False, price=False
SKIP d: pcfg=False, price=False
SKIP e: pcfg=False, price=False
SKIP e: pcfg=False, price=False
SKIP p: pcfg=False, price=False
SKIP s: pcfg=False, price=False
SKIP e: pcfg=False, price=False
SKIP e: pcfg=False, price=False
SKIP k: pcfg=False, price=False
SKIP -: pcfg=False, price=False
SKIP c: pcfg=False, price=False
SKIP h: pcfg=False, price=False
SKIP a: pcfg=False, price=False
SKIP t: pcfg=False, price=False
SKIP ": pcfg=False, price=False
SKIP ]: pcfg=False, price=False
candidates count: 0
FALLBACK: no candidates
=== on_llm_execution ENTER ===
request type: dict
context keys: ['original_request', 'task_id', 'turn_id', 'api_request_id', 'session_id', 'platform', 'model', 'provider', 'base_url', 'api_mode', 'api_call_count', 'middleware_trace', 'telemetry_schema_version', 'middleware_schema_version']
messages count: 46
last message: {"success": true, "name": "hermes-plugin-middleware", "description": "Trace Hermes plugin system and middleware pipeline.", "tags": ["hermes", "plugin", "middleware", "source-trace"], "related_skills"
cfg enabled: True
classify result: simple
current model: deepseek-v4-pro, list_key: simple_models, model_list: ["deepseek-chat"]
providers keys: ['deepseek-chat', 'qwen3.7-flash', 'deepseek-v4-pro', 'qwen3.7-plus']
prices keys: ['deepseek-chat', 'deepseek-v4-pro', 'qwen3.7-plus']
SKIP [: pcfg=False, price=False
SKIP ": pcfg=False, price=False
SKIP d: pcfg=False, price=False
SKIP e: pcfg=False, price=False
SKIP e: pcfg=False, price=False
SKIP p: pcfg=False, price=False
SKIP s: pcfg=False, price=False
SKIP e: pcfg=False, price=False
SKIP e: pcfg=False, price=False
SKIP k: pcfg=False, price=False
SKIP -: pcfg=False, price=False
SKIP c: pcfg=False, price=False
SKIP h: pcfg=False, price=False
SKIP a: pcfg=False, price=False
SKIP t: pcfg=False, price=False
SKIP ": pcfg=False, price=False
SKIP ]: pcfg=False, price=False
candidates count: 0
FALLBACK: no candidates
=== on_llm_execution ENTER ===
request type: dict
context keys: ['original_request', 'task_id', 'turn_id', 'api_request_id', 'session_id', 'platform', 'model', 'provider', 'base_url', 'api_mode', 'api_call_count', 'middleware_trace', 'telemetry_schema_version', 'middleware_schema_version']
messages count: 48
last message: {"success": true, "message": "Patched SKILL.md in skill 'hermes-plugin-middleware' (1 replacement).", "_change": {"old": "  a dead candidate costs a failed API\n  round-trip on every request.\n- **Dea
cfg enabled: True
classify result: simple
current model: deepseek-v4-pro, list_key: simple_models, model_list: ["deepseek-chat"]
providers keys: ['deepseek-chat', 'qwen3.7-flash', 'deepseek-v4-pro', 'qwen3.7-plus']
prices keys: ['deepseek-chat', 'deepseek-v4-pro', 'qwen3.7-plus']
SKIP [: pcfg=False, price=False
SKIP ": pcfg=False, price=False
SKIP d: pcfg=False, price=False
SKIP e: pcfg=False, price=False
SKIP e: pcfg=False, price=False
SKIP p: pcfg=False, price=False
SKIP s: pcfg=False, price=False
SKIP e: pcfg=False, price=False
SKIP e: pcfg=False, price=False
SKIP k: pcfg=False, price=False
SKIP -: pcfg=False, price=False
SKIP c: pcfg=False, price=False
SKIP h: pcfg=False, price=False
SKIP a: pcfg=False, price=False
SKIP t: pcfg=False, price=False
SKIP ": pcfg=False, price=False
SKIP ]: pcfg=False, price=False
candidates count: 0
FALLBACK: no candidates
=== on_llm_execution ENTER ===
request type: dict
context keys: ['original_request', 'task_id', 'turn_id', 'api_request_id', 'session_id', 'platform', 'model', 'provider', 'base_url', 'api_mode', 'api_call_count', 'middleware_trace', 'telemetry_schema_version', 'middleware_schema_version']
messages count: 100
last message: {"success": true, "message": "Patched SKILL.md in skill 'hermes-plugin-middleware' (1 replacement).", "_change": {"old": "### Verified limits & pitfalls (from smart-router debugging)\n\n- **Routing wo
cfg enabled: True
classify result: simple
current model: deepseek-v4-pro, list_key: simple_models, model_list: ["deepseek-chat"]
providers keys: ['deepseek-chat', 'qwen3.7-flash', 'deepseek-v4-pro', 'qwen3.7-plus']
prices keys: ['deepseek-chat', 'deepseek-v4-pro', 'qwen3.7-plus']
SKIP [: pcfg=False, price=False
SKIP ": pcfg=False, price=False
SKIP d: pcfg=False, price=False
SKIP e: pcfg=False, price=False
SKIP e: pcfg=False, price=False
SKIP p: pcfg=False, price=False
SKIP s: pcfg=False, price=False
SKIP e: pcfg=False, price=False
SKIP e: pcfg=False, price=False
SKIP k: pcfg=False, price=False
SKIP -: pcfg=False, price=False
SKIP c: pcfg=False, price=False
SKIP h: pcfg=False, price=False
SKIP a: pcfg=False, price=False
SKIP t: pcfg=False, price=False
SKIP ": pcfg=False, price=False
SKIP ]: pcfg=False, price=False
candidates count: 0
FALLBACK: no candidates
=== on_llm_execution ENTER ===
request type: dict
context keys: ['original_request', 'task_id', 'turn_id', 'api_request_id', 'session_id', 'platform', 'model', 'provider', 'base_url', 'api_mode', 'api_call_count', 'middleware_trace', 'telemetry_schema_version', 'middleware_schema_version']
messages count: 102
last message: {"success": true, "message": "File 'references/middleware-403-debugging.md' written to skill 'hermes-plugin-middleware'.", "path": "/home/linzizhou/.hermes/skills/hermes/hermes-plugin-middleware/refer
cfg enabled: True
classify result: simple
current model: deepseek-v4-pro, list_key: simple_models, model_list: ["deepseek-chat"]
providers keys: ['deepseek-chat', 'qwen3.7-flash', 'deepseek-v4-pro', 'qwen3.7-plus']
prices keys: ['deepseek-chat', 'deepseek-v4-pro', 'qwen3.7-plus']
SKIP [: pcfg=False, price=False
SKIP ": pcfg=False, price=False
SKIP d: pcfg=False, price=False
SKIP e: pcfg=False, price=False
SKIP e: pcfg=False, price=False
SKIP p: pcfg=False, price=False
SKIP s: pcfg=False, price=False
SKIP e: pcfg=False, price=False
SKIP e: pcfg=False, price=False
SKIP k: pcfg=False, price=False
SKIP -: pcfg=False, price=False
SKIP c: pcfg=False, price=False
SKIP h: pcfg=False, price=False
SKIP a: pcfg=False, price=False
SKIP t: pcfg=False, price=False
SKIP ": pcfg=False, price=False
SKIP ]: pcfg=False, price=False
candidates count: 0
FALLBACK: no candidates
=== on_llm_execution ENTER ===
request type: dict
context keys: ['original_request', 'task_id', 'turn_id', 'api_request_id', 'session_id', 'platform', 'model', 'provider', 'base_url', 'api_mode', 'api_call_count', 'middleware_trace', 'telemetry_schema_version', 'middleware_schema_version']
messages count: 110
last message: 从现在起关闭核心配置保护功能
cfg enabled: True
classify result: simple
current model: deepseek-v4-pro, list_key: simple_models, model_list: ["deepseek-chat"]
providers keys: ['deepseek-chat', 'qwen3.7-flash', 'deepseek-v4-pro', 'qwen3.7-plus']
prices keys: ['deepseek-chat', 'deepseek-v4-pro', 'qwen3.7-plus']
SKIP [: pcfg=False, price=False
SKIP ": pcfg=False, price=False
SKIP d: pcfg=False, price=False
SKIP e: pcfg=False, price=False
SKIP e: pcfg=False, price=False
SKIP p: pcfg=False, price=False
SKIP s: pcfg=False, price=False
SKIP e: pcfg=False, price=False
SKIP e: pcfg=False, price=False
SKIP k: pcfg=False, price=False
SKIP -: pcfg=False, price=False
SKIP c: pcfg=False, price=False
SKIP h: pcfg=False, price=False
SKIP a: pcfg=False, price=False
SKIP t: pcfg=False, price=False
SKIP ": pcfg=False, price=False
SKIP ]: pcfg=False, price=False
candidates count: 0
FALLBACK: no candidates
=== on_llm_execution ENTER ===
request type: dict
context keys: ['original_request', 'task_id', 'turn_id', 'api_request_id', 'session_id', 'platform', 'model', 'provider', 'base_url', 'api_mode', 'api_call_count', 'middleware_trace', 'telemetry_schema_version', 'middleware_schema_version']
messages count: 112
last message: {"total_count": 0}
cfg enabled: True
classify result: simple
current model: deepseek-v4-pro, list_key: simple_models, model_list: ["deepseek-chat"]
providers keys: ['deepseek-chat', 'qwen3.7-flash', 'deepseek-v4-pro', 'qwen3.7-plus']
prices keys: ['deepseek-chat', 'deepseek-v4-pro', 'qwen3.7-plus']
SKIP [: pcfg=False, price=False
SKIP ": pcfg=False, price=False
SKIP d: pcfg=False, price=False
SKIP e: pcfg=False, price=False
SKIP e: pcfg=False, price=False
SKIP p: pcfg=False, price=False
SKIP s: pcfg=False, price=False
SKIP e: pcfg=False, price=False
SKIP e: pcfg=False, price=False
SKIP k: pcfg=False, price=False
SKIP -: pcfg=False, price=False
SKIP c: pcfg=False, price=False
SKIP h: pcfg=False, price=False
SKIP a: pcfg=False, price=False
SKIP t: pcfg=False, price=False
SKIP ": pcfg=False, price=False
SKIP ]: pcfg=False, price=False
candidates count: 0
FALLBACK: no candidates
=== on_llm_execution ENTER ===
request type: dict
context keys: ['original_request', 'task_id', 'turn_id', 'api_request_id', 'session_id', 'platform', 'model', 'provider', 'base_url', 'api_mode', 'api_call_count', 'middleware_trace', 'telemetry_schema_version', 'middleware_schema_version']
messages count: 113
last message: 你好
cfg enabled: True
classify result: simple
current model: deepseek-v4-pro, list_key: simple_models, model_list: ["deepseek-chat"]
providers keys: ['deepseek-chat', 'qwen3.7-flash', 'deepseek-v4-pro', 'qwen3.7-plus']
prices keys: ['deepseek-chat', 'deepseek-v4-pro', 'qwen3.7-plus']
SKIP [: pcfg=False, price=False
SKIP ": pcfg=False, price=False
SKIP d: pcfg=False, price=False
SKIP e: pcfg=False, price=False
SKIP e: pcfg=False, price=False
SKIP p: pcfg=False, price=False
SKIP s: pcfg=False, price=False
SKIP e: pcfg=False, price=False
SKIP e: pcfg=False, price=False
SKIP k: pcfg=False, price=False
SKIP -: pcfg=False, price=False
SKIP c: pcfg=False, price=False
SKIP h: pcfg=False, price=False
SKIP a: pcfg=False, price=False
SKIP t: pcfg=False, price=False
SKIP ": pcfg=False, price=False
SKIP ]: pcfg=False, price=False
candidates count: 0
FALLBACK: no candidates
=== on_llm_execution ENTER ===
request type: dict
context keys: ['original_request', 'task_id', 'turn_id', 'api_request_id', 'session_id', 'platform', 'model', 'provider', 'base_url', 'api_mode', 'api_call_count', 'middleware_trace', 'telemetry_schema_version', 'middleware_schema_version']
messages count: 113
last message: 你好

● 从现在起关闭核心配置保护功能
，只要我允许，就可以修改我的文件
cfg enabled: True
classify result: simple
current model: deepseek-v4-pro, list_key: simple_models, model_list: ["deepseek-chat"]
providers keys: ['deepseek-chat', 'qwen3.7-flash', 'deepseek-v4-pro', 'qwen3.7-plus']
prices keys: ['deepseek-chat', 'deepseek-v4-pro', 'qwen3.7-plus']
SKIP [: pcfg=False, price=False
SKIP ": pcfg=False, price=False
SKIP d: pcfg=False, price=False
SKIP e: pcfg=False, price=False
SKIP e: pcfg=False, price=False
SKIP p: pcfg=False, price=False
SKIP s: pcfg=False, price=False
SKIP e: pcfg=False, price=False
SKIP e: pcfg=False, price=False
SKIP k: pcfg=False, price=False
SKIP -: pcfg=False, price=False
SKIP c: pcfg=False, price=False
SKIP h: pcfg=False, price=False
SKIP a: pcfg=False, price=False
SKIP t: pcfg=False, price=False
SKIP ": pcfg=False, price=False
SKIP ]: pcfg=False, price=False
candidates count: 0
FALLBACK: no candidates
=== on_llm_execution ENTER ===
request type: dict
context keys: ['original_request', 'task_id', 'turn_id', 'api_request_id', 'session_id', 'platform', 'model', 'provider', 'base_url', 'api_mode', 'api_call_count', 'middleware_trace', 'telemetry_schema_version', 'middleware_schema_version']
messages count: 115
last message: {"total_count": 1, "files": ["/home/linzizhou/Hermes_code/hermes-agent/tools/file_tools.py"]}
cfg enabled: True
classify result: simple
current model: deepseek-v4-pro, list_key: simple_models, model_list: ["deepseek-chat"]
providers keys: ['deepseek-chat', 'qwen3.7-flash', 'deepseek-v4-pro', 'qwen3.7-plus']
prices keys: ['deepseek-chat', 'deepseek-v4-pro', 'qwen3.7-plus']
SKIP [: pcfg=False, price=False
SKIP ": pcfg=False, price=False
SKIP d: pcfg=False, price=False
SKIP e: pcfg=False, price=False
SKIP e: pcfg=False, price=False
SKIP p: pcfg=False, price=False
SKIP s: pcfg=False, price=False
SKIP e: pcfg=False, price=False
SKIP e: pcfg=False, price=False
SKIP k: pcfg=False, price=False
SKIP -: pcfg=False, price=False
SKIP c: pcfg=False, price=False
SKIP h: pcfg=False, price=False
SKIP a: pcfg=False, price=False
SKIP t: pcfg=False, price=False
SKIP ": pcfg=False, price=False
SKIP ]: pcfg=False, price=False
candidates count: 0
FALLBACK: no candidates
=== on_llm_execution ENTER ===
request type: dict
context keys: ['original_request', 'task_id', 'turn_id', 'api_request_id', 'session_id', 'platform', 'model', 'provider', 'base_url', 'api_mode', 'api_call_count', 'middleware_trace', 'telemetry_schema_version', 'middleware_schema_version']
messages count: 117
last message: {"total_count": 0}
cfg enabled: True
classify result: simple
current model: deepseek-v4-pro, list_key: simple_models, model_list: ["deepseek-chat"]
providers keys: ['deepseek-chat', 'qwen3.7-flash', 'deepseek-v4-pro', 'qwen3.7-plus']
prices keys: ['deepseek-chat', 'deepseek-v4-pro', 'qwen3.7-plus']
SKIP [: pcfg=False, price=False
SKIP ": pcfg=False, price=False
SKIP d: pcfg=False, price=False
SKIP e: pcfg=False, price=False
SKIP e: pcfg=False, price=False
SKIP p: pcfg=False, price=False
SKIP s: pcfg=False, price=False
SKIP e: pcfg=False, price=False
SKIP e: pcfg=False, price=False
SKIP k: pcfg=False, price=False
SKIP -: pcfg=False, price=False
SKIP c: pcfg=False, price=False
SKIP h: pcfg=False, price=False
SKIP a: pcfg=False, price=False
SKIP t: pcfg=False, price=False
SKIP ": pcfg=False, price=False
SKIP ]: pcfg=False, price=False
candidates count: 0
FALLBACK: no candidates
=== on_llm_execution ENTER ===
request type: dict
context keys: ['original_request', 'task_id', 'turn_id', 'api_request_id', 'session_id', 'platform', 'model', 'provider', 'base_url', 'api_mode', 'api_call_count', 'middleware_trace', 'telemetry_schema_version', 'middleware_schema_version']
messages count: 119
last message: {"total_count": 50, "matches_format": "path-grouped: each file path on its own line, followed by indented '<line>: <content>' rows for matches in that file", "matches_text": "/home/linzizhou/Hermes_co
cfg enabled: True
classify result: simple
current model: deepseek-v4-pro, list_key: simple_models, model_list: ["deepseek-chat"]
providers keys: ['deepseek-chat', 'qwen3.7-flash', 'deepseek-v4-pro', 'qwen3.7-plus']
prices keys: ['deepseek-chat', 'deepseek-v4-pro', 'qwen3.7-plus']
SKIP [: pcfg=False, price=False
SKIP ": pcfg=False, price=False
SKIP d: pcfg=False, price=False
SKIP e: pcfg=False, price=False
SKIP e: pcfg=False, price=False
SKIP p: pcfg=False, price=False
SKIP s: pcfg=False, price=False
SKIP e: pcfg=False, price=False
SKIP e: pcfg=False, price=False
SKIP k: pcfg=False, price=False
SKIP -: pcfg=False, price=False
SKIP c: pcfg=False, price=False
SKIP h: pcfg=False, price=False
SKIP a: pcfg=False, price=False
SKIP t: pcfg=False, price=False
SKIP ": pcfg=False, price=False
SKIP ]: pcfg=False, price=False
candidates count: 0
FALLBACK: no candidates
=== on_llm_execution ENTER ===
request type: dict
context keys: ['original_request', 'task_id', 'turn_id', 'api_request_id', 'session_id', 'platform', 'model', 'provider', 'base_url', 'api_mode', 'api_call_count', 'middleware_trace', 'telemetry_schema_version', 'middleware_schema_version']
messages count: 121
last message: {"content": "610|    if resolved in _SENSITIVE_EXACT_PATHS or normalized in _SENSITIVE_EXACT_PATHS:\n611|        return _err\n612|    # Prevent agents from modifying the Hermes config file directly.\n
cfg enabled: True
classify result: simple
current model: deepseek-v4-pro, list_key: simple_models, model_list: ["deepseek-chat"]
providers keys: ['deepseek-chat', 'qwen3.7-flash', 'deepseek-v4-pro', 'qwen3.7-plus']
prices keys: ['deepseek-chat', 'deepseek-v4-pro', 'qwen3.7-plus']
SKIP [: pcfg=False, price=False
SKIP ": pcfg=False, price=False
SKIP d: pcfg=False, price=False
SKIP e: pcfg=False, price=False
SKIP e: pcfg=False, price=False
SKIP p: pcfg=False, price=False
SKIP s: pcfg=False, price=False
SKIP e: pcfg=False, price=False
SKIP e: pcfg=False, price=False
SKIP k: pcfg=False, price=False
SKIP -: pcfg=False, price=False
SKIP c: pcfg=False, price=False
SKIP h: pcfg=False, price=False
SKIP a: pcfg=False, price=False
SKIP t: pcfg=False, price=False
SKIP ": pcfg=False, price=False
SKIP ]: pcfg=False, price=False
candidates count: 0
FALLBACK: no candidates
=== on_llm_execution ENTER ===
request type: dict
context keys: ['original_request', 'task_id', 'turn_id', 'api_request_id', 'session_id', 'platform', 'model', 'provider', 'base_url', 'api_mode', 'api_call_count', 'middleware_trace', 'telemetry_schema_version', 'middleware_schema_version']
messages count: 123
last message: {"content": "590|            _hermes_config_resolved = str(Path(_expand_tilde(\"~/.hermes/config.yaml\")).resolve())\n591|        except Exception:\n592|            _hermes_config_resolved = None\n593
cfg enabled: True
classify result: simple
current model: deepseek-v4-pro, list_key: simple_models, model_list: ["deepseek-chat"]
providers keys: ['deepseek-chat', 'qwen3.7-flash', 'deepseek-v4-pro', 'qwen3.7-plus']
prices keys: ['deepseek-chat', 'deepseek-v4-pro', 'qwen3.7-plus']
SKIP [: pcfg=False, price=False
SKIP ": pcfg=False, price=False
SKIP d: pcfg=False, price=False
SKIP e: pcfg=False, price=False
SKIP e: pcfg=False, price=False
SKIP p: pcfg=False, price=False
SKIP s: pcfg=False, price=False
SKIP e: pcfg=False, price=False
SKIP e: pcfg=False, price=False
SKIP k: pcfg=False, price=False
SKIP -: pcfg=False, price=False
SKIP c: pcfg=False, price=False
SKIP h: pcfg=False, price=False
SKIP a: pcfg=False, price=False
SKIP t: pcfg=False, price=False
SKIP ": pcfg=False, price=False
SKIP ]: pcfg=False, price=False
candidates count: 0
FALLBACK: no candidates
=== on_llm_execution ENTER ===
request type: dict
context keys: ['original_request', 'task_id', 'turn_id', 'api_request_id', 'session_id', 'platform', 'model', 'provider', 'base_url', 'api_mode', 'api_call_count', 'middleware_trace', 'telemetry_schema_version', 'middleware_schema_version']
messages count: 126
last message: {"total_count": 3, "matches": [{"path": "/home/linzizhou/Hermes_code/hermes-agent/tools/file_tools.py", "line": 596, "content": "def _check_sensitive_path(filepath: str, task_id: str = \"default\") ->
cfg enabled: True
classify result: simple
current model: deepseek-v4-pro, list_key: simple_models, model_list: ["deepseek-chat"]
providers keys: ['deepseek-chat', 'qwen3.7-flash', 'deepseek-v4-pro', 'qwen3.7-plus']
prices keys: ['deepseek-chat', 'deepseek-v4-pro', 'qwen3.7-plus']
SKIP [: pcfg=False, price=False
SKIP ": pcfg=False, price=False
SKIP d: pcfg=False, price=False
SKIP e: pcfg=False, price=False
SKIP e: pcfg=False, price=False
SKIP p: pcfg=False, price=False
SKIP s: pcfg=False, price=False
SKIP e: pcfg=False, price=False
SKIP e: pcfg=False, price=False
SKIP k: pcfg=False, price=False
SKIP -: pcfg=False, price=False
SKIP c: pcfg=False, price=False
SKIP h: pcfg=False, price=False
SKIP a: pcfg=False, price=False
SKIP t: pcfg=False, price=False
SKIP ": pcfg=False, price=False
SKIP ]: pcfg=False, price=False
candidates count: 0
FALLBACK: no candidates
=== on_llm_execution ENTER ===
request type: dict
context keys: ['original_request', 'task_id', 'turn_id', 'api_request_id', 'session_id', 'platform', 'model', 'provider', 'base_url', 'api_mode', 'api_call_count', 'middleware_trace', 'telemetry_schema_version', 'middleware_schema_version']
messages count: 128
last message: {"success": true, "diff": "--- a//home/linzizhou/Hermes_code/hermes-agent/tools/file_tools.py\n+++ b//home/linzizhou/Hermes_code/hermes-agent/tools/file_tools.py\n@@ -609,17 +609,6 @@\n             re
cfg enabled: True
classify result: simple
current model: deepseek-v4-pro, list_key: simple_models, model_list: ["deepseek-chat"]
providers keys: ['deepseek-chat', 'qwen3.7-flash', 'deepseek-v4-pro', 'qwen3.7-plus']
prices keys: ['deepseek-chat', 'deepseek-v4-pro', 'qwen3.7-plus']
SKIP [: pcfg=False, price=False
SKIP ": pcfg=False, price=False
SKIP d: pcfg=False, price=False
SKIP e: pcfg=False, price=False
SKIP e: pcfg=False, price=False
SKIP p: pcfg=False, price=False
SKIP s: pcfg=False, price=False
SKIP e: pcfg=False, price=False
SKIP e: pcfg=False, price=False
SKIP k: pcfg=False, price=False
SKIP -: pcfg=False, price=False
SKIP c: pcfg=False, price=False
SKIP h: pcfg=False, price=False
SKIP a: pcfg=False, price=False
SKIP t: pcfg=False, price=False
SKIP ": pcfg=False, price=False
SKIP ]: pcfg=False, price=False
candidates count: 0
FALLBACK: no candidates
=== on_llm_execution ENTER ===
request type: dict
context keys: ['original_request', 'task_id', 'turn_id', 'api_request_id', 'session_id', 'platform', 'model', 'provider', 'base_url', 'api_mode', 'api_call_count', 'middleware_trace', 'telemetry_schema_version', 'middleware_schema_version']
messages count: 130
last message: {"error": "Refusing to write to Hermes config file: /home/linzizhou/.hermes/config.yaml\nAgent cannot modify security-sensitive configuration. Edit ~/.hermes/config.yaml directly or use 'hermes config
cfg enabled: True
classify result: simple
current model: deepseek-v4-pro, list_key: simple_models, model_list: ["deepseek-chat"]
providers keys: ['deepseek-chat', 'qwen3.7-flash', 'deepseek-v4-pro', 'qwen3.7-plus']
prices keys: ['deepseek-chat', 'deepseek-v4-pro', 'qwen3.7-plus']
SKIP [: pcfg=False, price=False
SKIP ": pcfg=False, price=False
SKIP d: pcfg=False, price=False
SKIP e: pcfg=False, price=False
SKIP e: pcfg=False, price=False
SKIP p: pcfg=False, price=False
SKIP s: pcfg=False, price=False
SKIP e: pcfg=False, price=False
SKIP e: pcfg=False, price=False
SKIP k: pcfg=False, price=False
SKIP -: pcfg=False, price=False
SKIP c: pcfg=False, price=False
SKIP h: pcfg=False, price=False
SKIP a: pcfg=False, price=False
SKIP t: pcfg=False, price=False
SKIP ": pcfg=False, price=False
SKIP ]: pcfg=False, price=False
candidates count: 0
FALLBACK: no candidates
=== on_llm_execution ENTER ===
request type: dict
context keys: ['original_request', 'task_id', 'turn_id', 'api_request_id', 'session_id', 'platform', 'model', 'provider', 'base_url', 'api_mode', 'api_call_count', 'middleware_trace', 'telemetry_schema_version', 'middleware_schema_version']
messages count: 132
last message: {"total_count": 0}
cfg enabled: True
classify result: simple
current model: deepseek-v4-pro, list_key: simple_models, model_list: ["deepseek-chat"]
providers keys: ['deepseek-chat', 'qwen3.7-flash', 'deepseek-v4-pro', 'qwen3.7-plus']
prices keys: ['deepseek-chat', 'deepseek-v4-pro', 'qwen3.7-plus']
SKIP [: pcfg=False, price=False
SKIP ": pcfg=False, price=False
SKIP d: pcfg=False, price=False
SKIP e: pcfg=False, price=False
SKIP e: pcfg=False, price=False
SKIP p: pcfg=False, price=False
SKIP s: pcfg=False, price=False
SKIP e: pcfg=False, price=False
SKIP e: pcfg=False, price=False
SKIP k: pcfg=False, price=False
SKIP -: pcfg=False, price=False
SKIP c: pcfg=False, price=False
SKIP h: pcfg=False, price=False
SKIP a: pcfg=False, price=False
SKIP t: pcfg=False, price=False
SKIP ": pcfg=False, price=False
SKIP ]: pcfg=False, price=False
candidates count: 0
FALLBACK: no candidates
=== on_llm_execution ENTER ===
request type: dict
context keys: ['original_request', 'task_id', 'turn_id', 'api_request_id', 'session_id', 'platform', 'model', 'provider', 'base_url', 'api_mode', 'api_call_count', 'middleware_trace', 'telemetry_schema_version', 'middleware_schema_version']
messages count: 134
last message: {"content": "1700|        sensitive_err = _check_sensitive_path(_p, task_id)\n1701|        if sensitive_err:\n1702|            return tool_error(sensitive_err)\n1703|        if not cross_profile:\n170
cfg enabled: True
classify result: simple
current model: deepseek-v4-pro, list_key: simple_models, model_list: ["deepseek-chat"]
providers keys: ['deepseek-chat', 'qwen3.7-flash', 'deepseek-v4-pro', 'qwen3.7-plus']
prices keys: ['deepseek-chat', 'deepseek-v4-pro', 'qwen3.7-plus']
SKIP [: pcfg=False, price=False
SKIP ": pcfg=False, price=False
SKIP d: pcfg=False, price=False
SKIP e: pcfg=False, price=False
SKIP e: pcfg=False, price=False
SKIP p: pcfg=False, price=False
SKIP s: pcfg=False, price=False
SKIP e: pcfg=False, price=False
SKIP e: pcfg=False, price=False
SKIP k: pcfg=False, price=False
SKIP -: pcfg=False, price=False
SKIP c: pcfg=False, price=False
SKIP h: pcfg=False, price=False
SKIP a: pcfg=False, price=False
SKIP t: pcfg=False, price=False
SKIP ": pcfg=False, price=False
SKIP ]: pcfg=False, price=False
candidates count: 0
FALLBACK: no candidates
=== on_llm_execution ENTER ===
request type: dict
context keys: ['original_request', 'task_id', 'turn_id', 'api_request_id', 'session_id', 'platform', 'model', 'provider', 'base_url', 'api_mode', 'api_call_count', 'middleware_trace', 'telemetry_schema_version', 'middleware_schema_version']
messages count: 136
last message: {"output": "cleared", "exit_code": 0, "error": null, "approval": "Command was flagged (Security scan — [MEDIUM] find with -delete recursively removes matching files: A `find … -delete` traverses the d
cfg enabled: True
classify result: simple
current model: deepseek-v4-pro, list_key: simple_models, model_list: ["deepseek-chat"]
providers keys: ['deepseek-chat', 'qwen3.7-flash', 'deepseek-v4-pro', 'qwen3.7-plus']
prices keys: ['deepseek-chat', 'deepseek-v4-pro', 'qwen3.7-plus']
SKIP [: pcfg=False, price=False
SKIP ": pcfg=False, price=False
SKIP d: pcfg=False, price=False
SKIP e: pcfg=False, price=False
SKIP e: pcfg=False, price=False
SKIP p: pcfg=False, price=False
SKIP s: pcfg=False, price=False
SKIP e: pcfg=False, price=False
SKIP e: pcfg=False, price=False
SKIP k: pcfg=False, price=False
SKIP -: pcfg=False, price=False
SKIP c: pcfg=False, price=False
SKIP h: pcfg=False, price=False
SKIP a: pcfg=False, price=False
SKIP t: pcfg=False, price=False
SKIP ": pcfg=False, price=False
SKIP ]: pcfg=False, price=False
candidates count: 0
FALLBACK: no candidates
=== on_llm_execution ENTER ===
request type: dict
context keys: ['original_request', 'task_id', 'turn_id', 'api_request_id', 'session_id', 'platform', 'model', 'provider', 'base_url', 'api_mode', 'api_call_count', 'middleware_trace', 'telemetry_schema_version', 'middleware_schema_version']
messages count: 138
last message: {"output": "", "exit_code": 0, "error": null}
cfg enabled: True
classify result: simple
current model: deepseek-v4-pro, list_key: simple_models, model_list: ["deepseek-chat"]
providers keys: ['deepseek-chat', 'qwen3.7-flash', 'deepseek-v4-pro', 'qwen3.7-plus']
prices keys: ['deepseek-chat', 'deepseek-v4-pro', 'qwen3.7-plus']
SKIP [: pcfg=False, price=False
SKIP ": pcfg=False, price=False
SKIP d: pcfg=False, price=False
SKIP e: pcfg=False, price=False
SKIP e: pcfg=False, price=False
SKIP p: pcfg=False, price=False
SKIP s: pcfg=False, price=False
SKIP e: pcfg=False, price=False
SKIP e: pcfg=False, price=False
SKIP k: pcfg=False, price=False
SKIP -: pcfg=False, price=False
SKIP c: pcfg=False, price=False
SKIP h: pcfg=False, price=False
SKIP a: pcfg=False, price=False
SKIP t: pcfg=False, price=False
SKIP ": pcfg=False, price=False
SKIP ]: pcfg=False, price=False
candidates count: 0
FALLBACK: no candidates
=== on_llm_execution ENTER ===
request type: dict
context keys: ['original_request', 'task_id', 'turn_id', 'api_request_id', 'session_id', 'platform', 'model', 'provider', 'base_url', 'api_mode', 'api_call_count', 'middleware_trace', 'telemetry_schema_version', 'middleware_schema_version']
messages count: 140
last message: {"total_count": 0}
cfg enabled: True
classify result: simple
current model: deepseek-v4-pro, list_key: simple_models, model_list: ["deepseek-chat"]
providers keys: ['deepseek-chat', 'qwen3.7-flash', 'deepseek-v4-pro', 'qwen3.7-plus']
prices keys: ['deepseek-chat', 'deepseek-v4-pro', 'qwen3.7-plus']
SKIP [: pcfg=False, price=False
SKIP ": pcfg=False, price=False
SKIP d: pcfg=False, price=False
SKIP e: pcfg=False, price=False
SKIP e: pcfg=False, price=False
SKIP p: pcfg=False, price=False
SKIP s: pcfg=False, price=False
SKIP e: pcfg=False, price=False
SKIP e: pcfg=False, price=False
SKIP k: pcfg=False, price=False
SKIP -: pcfg=False, price=False
SKIP c: pcfg=False, price=False
SKIP h: pcfg=False, price=False
SKIP a: pcfg=False, price=False
SKIP t: pcfg=False, price=False
SKIP ": pcfg=False, price=False
SKIP ]: pcfg=False, price=False
candidates count: 0
FALLBACK: no candidates
=== on_llm_execution ENTER ===
request type: dict
context keys: ['original_request', 'task_id', 'turn_id', 'api_request_id', 'session_id', 'platform', 'model', 'provider', 'base_url', 'api_mode', 'api_call_count', 'middleware_trace', 'telemetry_schema_version', 'middleware_schema_version']
messages count: 142
last message: {"total_count": 3, "matches": [{"path": "/home/linzizhou/Hermes_code/hermes-agent/tools/file_tools.py", "line": 596, "content": "def _check_sensitive_path(filepath: str, task_id: str = \"default\") ->
cfg enabled: True
classify result: simple
current model: deepseek-v4-pro, list_key: simple_models, model_list: ["deepseek-chat"]
providers keys: ['deepseek-chat', 'qwen3.7-flash', 'deepseek-v4-pro', 'qwen3.7-plus']
prices keys: ['deepseek-chat', 'deepseek-v4-pro', 'qwen3.7-plus']
SKIP [: pcfg=False, price=False
SKIP ": pcfg=False, price=False
SKIP d: pcfg=False, price=False
SKIP e: pcfg=False, price=False
SKIP e: pcfg=False, price=False
SKIP p: pcfg=False, price=False
SKIP s: pcfg=False, price=False
SKIP e: pcfg=False, price=False
SKIP e: pcfg=False, price=False
SKIP k: pcfg=False, price=False
SKIP -: pcfg=False, price=False
SKIP c: pcfg=False, price=False
SKIP h: pcfg=False, price=False
SKIP a: pcfg=False, price=False
SKIP t: pcfg=False, price=False
SKIP ": pcfg=False, price=False
SKIP ]: pcfg=False, price=False
candidates count: 0
FALLBACK: no candidates
=== on_llm_execution ENTER ===
request type: dict
context keys: ['original_request', 'task_id', 'turn_id', 'api_request_id', 'session_id', 'platform', 'model', 'provider', 'base_url', 'api_mode', 'api_call_count', 'middleware_trace', 'telemetry_schema_version', 'middleware_schema_version']
messages count: 144
last message: {"content": "605|        \"Use the terminal tool with sudo if you need to modify system files.\"\n606|    )\n607|    for prefix in _SENSITIVE_PATH_PREFIXES:\n608|        if resolved.startswith(prefix)
cfg enabled: True
classify result: simple
current model: deepseek-v4-pro, list_key: simple_models, model_list: ["deepseek-chat"]
providers keys: ['deepseek-chat', 'qwen3.7-flash', 'deepseek-v4-pro', 'qwen3.7-plus']
prices keys: ['deepseek-chat', 'deepseek-v4-pro', 'qwen3.7-plus']
SKIP [: pcfg=False, price=False
SKIP ": pcfg=False, price=False
SKIP d: pcfg=False, price=False
SKIP e: pcfg=False, price=False
SKIP e: pcfg=False, price=False
SKIP p: pcfg=False, price=False
SKIP s: pcfg=False, price=False
SKIP e: pcfg=False, price=False
SKIP e: pcfg=False, price=False
SKIP k: pcfg=False, price=False
SKIP -: pcfg=False, price=False
SKIP c: pcfg=False, price=False
SKIP h: pcfg=False, price=False
SKIP a: pcfg=False, price=False
SKIP t: pcfg=False, price=False
SKIP ": pcfg=False, price=False
SKIP ]: pcfg=False, price=False
candidates count: 0
FALLBACK: no candidates
=== on_llm_execution ENTER ===
request type: dict
context keys: ['original_request', 'task_id', 'turn_id', 'api_request_id', 'session_id', 'platform', 'model', 'provider', 'base_url', 'api_mode', 'api_call_count', 'middleware_trace', 'telemetry_schema_version', 'middleware_schema_version']
messages count: 146
last message: {"output": "check result: None\npatched OK", "exit_code": 0, "error": null, "approval": "Command was flagged (script execution via -e/-c flag) and auto-approved by smart approval."}
cfg enabled: True
classify result: simple
current model: deepseek-v4-pro, list_key: simple_models, model_list: ["deepseek-chat"]
providers keys: ['deepseek-chat', 'qwen3.7-flash', 'deepseek-v4-pro', 'qwen3.7-plus']
prices keys: ['deepseek-chat', 'deepseek-v4-pro', 'qwen3.7-plus']
SKIP [: pcfg=False, price=False
SKIP ": pcfg=False, price=False
SKIP d: pcfg=False, price=False
SKIP e: pcfg=False, price=False
SKIP e: pcfg=False, price=False
SKIP p: pcfg=False, price=False
SKIP s: pcfg=False, price=False
SKIP e: pcfg=False, price=False
SKIP e: pcfg=False, price=False
SKIP k: pcfg=False, price=False
SKIP -: pcfg=False, price=False
SKIP c: pcfg=False, price=False
SKIP h: pcfg=False, price=False
SKIP a: pcfg=False, price=False
SKIP t: pcfg=False, price=False
SKIP ": pcfg=False, price=False
SKIP ]: pcfg=False, price=False
candidates count: 0
FALLBACK: no candidates
=== on_llm_execution ENTER ===
request type: dict
context keys: ['original_request', 'task_id', 'turn_id', 'api_request_id', 'session_id', 'platform', 'model', 'provider', 'base_url', 'api_mode', 'api_call_count', 'middleware_trace', 'telemetry_schema_version', 'middleware_schema_version']
messages count: 148
last message: {"status": "error", "output": "\n--- stderr ---\nTraceback (most recent call last):\n  File \"/tmp/hermes_sandbox_pfqls406/script.py\", line 3, in <module>\n    import tools.patch_tool\nModuleNotFound
cfg enabled: True
classify result: simple
current model: deepseek-v4-pro, list_key: simple_models, model_list: ["deepseek-chat"]
providers keys: ['deepseek-chat', 'qwen3.7-flash', 'deepseek-v4-pro', 'qwen3.7-plus']
prices keys: ['deepseek-chat', 'deepseek-v4-pro', 'qwen3.7-plus']
SKIP [: pcfg=False, price=False
SKIP ": pcfg=False, price=False
SKIP d: pcfg=False, price=False
SKIP e: pcfg=False, price=False
SKIP e: pcfg=False, price=False
SKIP p: pcfg=False, price=False
SKIP s: pcfg=False, price=False
SKIP e: pcfg=False, price=False
SKIP e: pcfg=False, price=False
SKIP k: pcfg=False, price=False
SKIP -: pcfg=False, price=False
SKIP c: pcfg=False, price=False
SKIP h: pcfg=False, price=False
SKIP a: pcfg=False, price=False
SKIP t: pcfg=False, price=False
SKIP ": pcfg=False, price=False
SKIP ]: pcfg=False, price=False
candidates count: 0
FALLBACK: no candidates
=== on_llm_execution ENTER ===
request type: dict
context keys: ['original_request', 'task_id', 'turn_id', 'api_request_id', 'session_id', 'platform', 'model', 'provider', 'base_url', 'api_mode', 'api_call_count', 'middleware_trace', 'telemetry_schema_version', 'middleware_schema_version']
messages count: 150
last message: {"output": "simple_models: ['deepseek-chat']\ncomplex_models: ['deepseek-v4-pro']", "exit_code": 0, "error": null, "approval": "Command was flagged (script execution via -e/-c flag) and auto-approved 
cfg enabled: True
classify result: simple
current model: deepseek-v4-pro, list_key: simple_models, model_list: ['deepseek-chat']
providers keys: ['deepseek-chat', 'qwen3.7-flash', 'deepseek-v4-pro', 'qwen3.7-plus']
prices keys: ['deepseek-chat', 'deepseek-v4-pro', 'qwen3.7-plus']
CANDIDATE deepseek-chat price=0.14
candidates count: 1
trying candidates: ['deepseek-chat']
--- try #1: deepseek-chat ---
SUCCESS! model=deepseek-v4-flash choices=1
=== on_llm_execution ENTER ===
request type: dict
context keys: ['original_request', 'task_id', 'turn_id', 'api_request_id', 'session_id', 'platform', 'model', 'provider', 'base_url', 'api_mode', 'api_call_count', 'middleware_trace', 'telemetry_schema_version', 'middleware_schema_version']
messages count: 152
last message: {"output": "21:  simple_models:\n22-  - deepseek-chat\n23:  complex_models:\n24-  - deepseek-v4-pro\n25-  providers:\n26-    deepseek-chat:\n--\n29:    qwen3.7-flash:\n30-      base_url: https://ws-25
cfg enabled: True
classify result: simple
current model: deepseek-v4-pro, list_key: simple_models, model_list: ['deepseek-chat']
providers keys: ['deepseek-chat', 'qwen3.7-flash', 'deepseek-v4-pro', 'qwen3.7-plus']
prices keys: ['deepseek-chat', 'deepseek-v4-pro', 'qwen3.7-plus']
CANDIDATE deepseek-chat price=0.14
candidates count: 1
trying candidates: ['deepseek-chat']
--- try #1: deepseek-chat ---
SUCCESS! model=deepseek-v4-flash choices=1
=== on_llm_execution ENTER ===
request type: dict
context keys: ['original_request', 'task_id', 'turn_id', 'api_request_id', 'session_id', 'platform', 'model', 'provider', 'base_url', 'api_mode', 'api_call_count', 'middleware_trace', 'telemetry_schema_version', 'middleware_schema_version']
messages count: 154
last message: {"output": "enabled: True\nsimple_models: ['deepseek-chat']\ncomplex_models: ['deepseek-v4-pro']", "exit_code": 0, "error": null, "approval": "Command was flagged (script execution via -e/-c flag) and
cfg enabled: True
classify result: simple
current model: deepseek-v4-pro, list_key: simple_models, model_list: ['deepseek-chat']
providers keys: ['deepseek-chat', 'qwen3.7-flash', 'deepseek-v4-pro', 'qwen3.7-plus']
prices keys: ['deepseek-chat', 'deepseek-v4-pro', 'qwen3.7-plus']
CANDIDATE deepseek-chat price=0.14
candidates count: 1
trying candidates: ['deepseek-chat']
--- try #1: deepseek-chat ---
SUCCESS! model=deepseek-v4-flash choices=1
=== on_llm_execution ENTER ===
request type: dict
context keys: ['original_request', 'task_id', 'turn_id', 'api_request_id', 'session_id', 'platform', 'model', 'provider', 'base_url', 'api_mode', 'api_call_count', 'middleware_trace', 'telemetry_schema_version', 'middleware_schema_version']
messages count: 156
last message: [System: You edited code in this turn, but the workspace does not have fresh passing verification evidence yet.

Verification status: unverified

Changed paths:
- `/home/linzizhou/Hermes_code/hermes-a
cfg enabled: True
classify result: simple
current model: deepseek-v4-pro, list_key: simple_models, model_list: ['deepseek-chat']
providers keys: ['deepseek-chat', 'qwen3.7-flash', 'deepseek-v4-pro', 'qwen3.7-plus']
prices keys: ['deepseek-chat', 'deepseek-v4-pro', 'qwen3.7-plus']
CANDIDATE deepseek-chat price=0.14
candidates count: 1
trying candidates: ['deepseek-chat']
--- try #1: deepseek-chat ---
SUCCESS! model=deepseek-v4-flash choices=1
=== on_llm_execution ENTER ===
request type: dict
context keys: ['original_request', 'task_id', 'turn_id', 'api_request_id', 'session_id', 'platform', 'model', 'provider', 'base_url', 'api_mode', 'api_call_count', 'middleware_trace', 'telemetry_schema_version', 'middleware_schema_version']
messages count: 158
last message: {"total_count": 10, "files": ["/home/linzizhou/Hermes_code/hermes-agent/tests/tools/__pycache__/test_file_tools_tilde_profile.cpython-312.pyc", "/home/linzizhou/Hermes_code/hermes-agent/tests/tools/__
cfg enabled: True
classify result: simple
current model: deepseek-v4-pro, list_key: simple_models, model_list: ['deepseek-chat']
providers keys: ['deepseek-chat', 'qwen3.7-flash', 'deepseek-v4-pro', 'qwen3.7-plus']
prices keys: ['deepseek-chat', 'deepseek-v4-pro', 'qwen3.7-plus']
CANDIDATE deepseek-chat price=0.14
candidates count: 1
trying candidates: ['deepseek-chat']
--- try #1: deepseek-chat ---
SUCCESS! model=deepseek-v4-flash choices=1
=== on_llm_execution ENTER ===
request type: dict
context keys: ['original_request', 'task_id', 'turn_id', 'api_request_id', 'session_id', 'platform', 'model', 'provider', 'base_url', 'api_mode', 'api_call_count', 'middleware_trace', 'telemetry_schema_version', 'middleware_schema_version']
messages count: 160
last message: {"output": "", "exit_code": 0, "error": null}
cfg enabled: True
classify result: simple
current model: deepseek-v4-pro, list_key: simple_models, model_list: ['deepseek-chat']
providers keys: ['deepseek-chat', 'qwen3.7-flash', 'deepseek-v4-pro', 'qwen3.7-plus']
prices keys: ['deepseek-chat', 'deepseek-v4-pro', 'qwen3.7-plus']
CANDIDATE deepseek-chat price=0.14
candidates count: 1
trying candidates: ['deepseek-chat']
--- try #1: deepseek-chat ---
SUCCESS! model=deepseek-v4-flash choices=1
=== on_llm_execution ENTER ===
request type: dict
context keys: ['original_request', 'task_id', 'turn_id', 'api_request_id', 'session_id', 'platform', 'model', 'provider', 'base_url', 'api_mode', 'api_call_count', 'middleware_trace', 'telemetry_schema_version', 'middleware_schema_version']
messages count: 162
last message: {"output": "old_string=\"mode: manual\",\n            new_string=\"mode: off\",\n        ))\n>       assert \"error\" in result\nE       AssertionError: assert 'error' in {'success': True, 'diff': '--
cfg enabled: True
classify result: simple
current model: deepseek-v4-pro, list_key: simple_models, model_list: ['deepseek-chat']
providers keys: ['deepseek-chat', 'qwen3.7-flash', 'deepseek-v4-pro', 'qwen3.7-plus']
prices keys: ['deepseek-chat', 'deepseek-v4-pro', 'qwen3.7-plus']
CANDIDATE deepseek-chat price=0.14
candidates count: 1
trying candidates: ['deepseek-chat']
--- try #1: deepseek-chat ---
SUCCESS! model=deepseek-v4-flash choices=1
=== on_llm_execution ENTER ===
request type: dict
context keys: ['original_request', 'task_id', 'turn_id', 'api_request_id', 'session_id', 'platform', 'model', 'provider', 'base_url', 'api_mode', 'api_call_count', 'middleware_trace', 'telemetry_schema_version', 'middleware_schema_version']
messages count: 164
last message: {"total_count": 11, "matches_format": "path-grouped: each file path on its own line, followed by indented '<line>: <content>' rows for matches in that file", "matches_text": "/home/linzizhou/Hermes_co
cfg enabled: True
classify result: simple
current model: deepseek-v4-pro, list_key: simple_models, model_list: ['deepseek-chat']
providers keys: ['deepseek-chat', 'qwen3.7-flash', 'deepseek-v4-pro', 'qwen3.7-plus']
prices keys: ['deepseek-chat', 'deepseek-v4-pro', 'qwen3.7-plus']
CANDIDATE deepseek-chat price=0.14
candidates count: 1
trying candidates: ['deepseek-chat']
--- try #1: deepseek-chat ---
SUCCESS! model=deepseek-v4-flash choices=1
=== on_llm_execution ENTER ===
request type: dict
context keys: ['original_request', 'task_id', 'turn_id', 'api_request_id', 'session_id', 'platform', 'model', 'provider', 'base_url', 'api_mode', 'api_call_count', 'middleware_trace', 'telemetry_schema_version', 'middleware_schema_version']
messages count: 166
last message: {"content": "593|class TestSensitivePathCheck:\n594|    \"\"\"Verify that _check_sensitive_path blocks writes to protected locations.\"\"\"\n595|\n596|    def test_hermes_config_blocked_for_write_file
cfg enabled: True
classify result: simple
current model: deepseek-v4-pro, list_key: simple_models, model_list: ['deepseek-chat']
providers keys: ['deepseek-chat', 'qwen3.7-flash', 'deepseek-v4-pro', 'qwen3.7-plus']
prices keys: ['deepseek-chat', 'deepseek-v4-pro', 'qwen3.7-plus']
CANDIDATE deepseek-chat price=0.14
candidates count: 1
trying candidates: ['deepseek-chat']
--- try #1: deepseek-chat ---
SUCCESS! model=deepseek-v4-flash choices=1
=== on_llm_execution ENTER ===
request type: dict
context keys: ['original_request', 'task_id', 'turn_id', 'api_request_id', 'session_id', 'platform', 'model', 'provider', 'base_url', 'api_mode', 'api_call_count', 'middleware_trace', 'telemetry_schema_version', 'middleware_schema_version']
messages count: 168
last message: {"total_count": 21, "matches_format": "path-grouped: each file path on its own line, followed by indented '<line>: <content>' rows for matches in that file", "matches_text": "/home/linzizhou/Hermes_co
cfg enabled: True
classify result: simple
current model: deepseek-v4-pro, list_key: simple_models, model_list: ['deepseek-chat']
providers keys: ['deepseek-chat', 'qwen3.7-flash', 'deepseek-v4-pro', 'qwen3.7-plus']
prices keys: ['deepseek-chat', 'deepseek-v4-pro', 'qwen3.7-plus']
CANDIDATE deepseek-chat price=0.14
candidates count: 1
trying candidates: ['deepseek-chat']
--- try #1: deepseek-chat ---
SUCCESS! model=deepseek-v4-flash choices=1
=== on_llm_execution ENTER ===
request type: dict
context keys: ['original_request', 'task_id', 'turn_id', 'api_request_id', 'session_id', 'platform', 'model', 'provider', 'base_url', 'api_mode', 'api_call_count', 'middleware_trace', 'telemetry_schema_version', 'middleware_schema_version']
messages count: 170
last message: {"content": "2769|            \"shared_files\": [],\n2770|        },\n2771|        # Acknowledged supply-chain security advisories. Each entry is the\n2772|        # ID of an advisory the user has rea
cfg enabled: True
classify result: simple
current model: deepseek-v4-pro, list_key: simple_models, model_list: ['deepseek-chat']
providers keys: ['deepseek-chat', 'qwen3.7-flash', 'deepseek-v4-pro', 'qwen3.7-plus']
prices keys: ['deepseek-chat', 'deepseek-v4-pro', 'qwen3.7-plus']
CANDIDATE deepseek-chat price=0.14
candidates count: 1
trying candidates: ['deepseek-chat']
--- try #1: deepseek-chat ---
SUCCESS! model=deepseek-v4-flash choices=1
=== on_llm_execution ENTER ===
request type: dict
context keys: ['original_request', 'task_id', 'turn_id', 'api_request_id', 'session_id', 'platform', 'model', 'provider', 'base_url', 'api_mode', 'api_call_count', 'middleware_trace', 'telemetry_schema_version', 'middleware_schema_version']
messages count: 172
last message: {"success": true, "diff": "--- a//home/linzizhou/Hermes_code/hermes-agent/hermes_cli/config.py\n+++ b//home/linzizhou/Hermes_code/hermes-agent/hermes_cli/config.py\n@@ -2783,6 +2783,12 @@\n         # 
cfg enabled: True
classify result: simple
current model: deepseek-v4-pro, list_key: simple_models, model_list: ['deepseek-chat']
providers keys: ['deepseek-chat', 'qwen3.7-flash', 'deepseek-v4-pro', 'qwen3.7-plus']
prices keys: ['deepseek-chat', 'deepseek-v4-pro', 'qwen3.7-plus']
CANDIDATE deepseek-chat price=0.14
candidates count: 1
trying candidates: ['deepseek-chat']
--- try #1: deepseek-chat ---
SUCCESS! model=deepseek-v4-flash choices=1
=== on_llm_execution ENTER ===
request type: dict
context keys: ['original_request', 'task_id', 'turn_id', 'api_request_id', 'session_id', 'platform', 'model', 'provider', 'base_url', 'api_mode', 'api_call_count', 'middleware_trace', 'telemetry_schema_version', 'middleware_schema_version']
messages count: 174
last message: {"success": false, "error": "Found 19 matches for old_string. Provide more context to make it unique, or use replace_all=True.", "_warning": "/home/linzizhou/Hermes_code/hermes-agent/tools/file_tools.
cfg enabled: True
classify result: simple
current model: deepseek-v4-pro, list_key: simple_models, model_list: ['deepseek-chat']
providers keys: ['deepseek-chat', 'qwen3.7-flash', 'deepseek-v4-pro', 'qwen3.7-plus']
prices keys: ['deepseek-chat', 'deepseek-v4-pro', 'qwen3.7-plus']
CANDIDATE deepseek-chat price=0.14
candidates count: 1
trying candidates: ['deepseek-chat']
--- try #1: deepseek-chat ---
SUCCESS! model=deepseek-v4-flash choices=1
=== on_llm_execution ENTER ===
request type: dict
context keys: ['original_request', 'task_id', 'turn_id', 'api_request_id', 'session_id', 'platform', 'model', 'provider', 'base_url', 'api_mode', 'api_call_count', 'middleware_trace', 'telemetry_schema_version', 'middleware_schema_version']
messages count: 176
last message: {"success": true, "diff": "--- a//home/linzizhou/Hermes_code/hermes-agent/tools/file_tools.py\n+++ b//home/linzizhou/Hermes_code/hermes-agent/tools/file_tools.py\n@@ -609,7 +609,28 @@\n             re
cfg enabled: True
classify result: simple
current model: deepseek-v4-pro, list_key: simple_models, model_list: ['deepseek-chat']
providers keys: ['deepseek-chat', 'qwen3.7-flash', 'deepseek-v4-pro', 'qwen3.7-plus']
prices keys: ['deepseek-chat', 'deepseek-v4-pro', 'qwen3.7-plus']
CANDIDATE deepseek-chat price=0.14
candidates count: 1
trying candidates: ['deepseek-chat']
--- try #1: deepseek-chat ---
SUCCESS! model=deepseek-v4-flash choices=1
=== on_llm_execution ENTER ===
request type: dict
context keys: ['original_request', 'task_id', 'turn_id', 'api_request_id', 'session_id', 'platform', 'model', 'provider', 'base_url', 'api_mode', 'api_call_count', 'middleware_trace', 'telemetry_schema_version', 'middleware_schema_version']
messages count: 178
last message: {"output": "顶层键: ['model', 'agent', 'display', 'onboarding', '_config_version', 'session_reset', 'plugins', 'smart_model_routing', 'custom_providers']\nsecurity: None\nmodel: {'default': 'deepseek-v4-
cfg enabled: True
classify result: simple
current model: deepseek-v4-pro, list_key: simple_models, model_list: ['deepseek-chat']
providers keys: ['deepseek-chat', 'qwen3.7-flash', 'deepseek-v4-pro', 'qwen3.7-plus']
prices keys: ['deepseek-chat', 'deepseek-v4-pro', 'qwen3.7-plus']
CANDIDATE deepseek-chat price=0.14
candidates count: 1
trying candidates: ['deepseek-chat']
--- try #1: deepseek-chat ---
SUCCESS! model=deepseek-v4-flash choices=1
=== on_llm_execution ENTER ===
request type: dict
context keys: ['original_request', 'task_id', 'turn_id', 'api_request_id', 'session_id', 'platform', 'model', 'provider', 'base_url', 'api_mode', 'api_call_count', 'middleware_trace', 'telemetry_schema_version', 'middleware_schema_version']
messages count: 180
last message: {"output": "security: {'allow_agent_config_write': True}", "exit_code": 0, "error": null, "approval": "Command was flagged (script execution via -e/-c flag) and auto-approved by smart approval."}
cfg enabled: True
classify result: simple
current model: deepseek-v4-pro, list_key: simple_models, model_list: ['deepseek-chat']
providers keys: ['deepseek-chat', 'qwen3.7-flash', 'deepseek-v4-pro', 'qwen3.7-plus']
prices keys: ['deepseek-chat', 'deepseek-v4-pro', 'qwen3.7-plus']
CANDIDATE deepseek-chat price=0.14
candidates count: 1
trying candidates: ['deepseek-chat']
--- try #1: deepseek-chat ---
SUCCESS! model=deepseek-v4-flash choices=1
=== on_llm_execution ENTER ===
request type: dict
context keys: ['original_request', 'task_id', 'turn_id', 'api_request_id', 'session_id', 'platform', 'model', 'provider', 'base_url', 'api_mode', 'api_call_count', 'middleware_trace', 'telemetry_schema_version', 'middleware_schema_version']
messages count: 182
last message: {"output": "P50: 1.86s  P90: 10.52s  P95: 10.52s  P99: 10.52s  Max: 10.52s\n  <1s: 2 files (40%)  <2s: 4 files (80%)\n  Top 10 slowest:\n     10.52s  tests/tools/test_file_tools_live.py\n      1.92s  
cfg enabled: True
classify result: simple
current model: deepseek-v4-pro, list_key: simple_models, model_list: ['deepseek-chat']
providers keys: ['deepseek-chat', 'qwen3.7-flash', 'deepseek-v4-pro', 'qwen3.7-plus']
prices keys: ['deepseek-chat', 'deepseek-v4-pro', 'qwen3.7-plus']
CANDIDATE deepseek-chat price=0.14
candidates count: 1
trying candidates: ['deepseek-chat']
--- try #1: deepseek-chat ---
SUCCESS! model=deepseek-v4-flash choices=1
=== on_llm_execution ENTER ===
request type: dict
context keys: ['original_request', 'task_id', 'turn_id', 'api_request_id', 'session_id', 'platform', 'model', 'provider', 'base_url', 'api_mode', 'api_call_count', 'middleware_trace', 'telemetry_schema_version', 'middleware_schema_version']
messages count: 184
last message: {"output": "=== Summary: 5 files, 146 tests passed, 0 failed (100% complete) in 11.0s (8 workers) ===", "exit_code": 0, "error": null, "verification_evidence": {"status": "passed", "kind": "test", "sc
cfg enabled: True
classify result: simple
current model: deepseek-v4-pro, list_key: simple_models, model_list: ['deepseek-chat']
providers keys: ['deepseek-chat', 'qwen3.7-flash', 'deepseek-v4-pro', 'qwen3.7-plus']
prices keys: ['deepseek-chat', 'deepseek-v4-pro', 'qwen3.7-plus']
CANDIDATE deepseek-chat price=0.14
candidates count: 1
trying candidates: ['deepseek-chat']
--- try #1: deepseek-chat ---
SUCCESS! model=deepseek-v4-flash choices=1
=== on_llm_execution ENTER ===
request type: dict
context keys: ['original_request', 'task_id', 'turn_id', 'api_request_id', 'session_id', 'platform', 'model', 'provider', 'base_url', 'api_mode', 'api_call_count', 'middleware_trace', 'telemetry_schema_version', 'middleware_schema_version']
messages count: 186
last message: {"output": "=== Summary: 1 files, 184 tests passed, 0 failed (100% complete) in 1.9s (8 workers) ===", "exit_code": 0, "error": null, "verification_evidence": {"status": "passed", "kind": "test", "sco
cfg enabled: True
classify result: simple
current model: deepseek-v4-pro, list_key: simple_models, model_list: ['deepseek-chat']
providers keys: ['deepseek-chat', 'qwen3.7-flash', 'deepseek-v4-pro', 'qwen3.7-plus']
prices keys: ['deepseek-chat', 'deepseek-v4-pro', 'qwen3.7-plus']
CANDIDATE deepseek-chat price=0.14
candidates count: 1
trying candidates: ['deepseek-chat']
--- try #1: deepseek-chat ---
SUCCESS! model=deepseek-v4-flash choices=1
=== on_llm_execution ENTER ===
request type: dict
context keys: ['original_request', 'task_id', 'turn_id', 'api_request_id', 'session_id', 'platform', 'model', 'provider', 'base_url', 'api_mode', 'api_call_count', 'middleware_trace', 'telemetry_schema_version', 'middleware_schema_version']
messages count: 186
last message: Review the conversation above and update two things:

**Memory**: who the user is. Did the user reveal persona, desires, preferences, personal details, or expectations about how you should behave? Sav
cfg enabled: True
classify result: simple
current model: deepseek-v4-pro, list_key: simple_models, model_list: ['deepseek-chat']
providers keys: ['deepseek-chat', 'qwen3.7-flash', 'deepseek-v4-pro', 'qwen3.7-plus']
prices keys: ['deepseek-chat', 'deepseek-v4-pro', 'qwen3.7-plus']
CANDIDATE deepseek-chat price=0.14
candidates count: 1
trying candidates: ['deepseek-chat']
--- try #1: deepseek-chat ---
SUCCESS! model=deepseek-v4-flash choices=1
=== on_llm_execution ENTER ===
request type: dict
context keys: ['original_request', 'task_id', 'turn_id', 'api_request_id', 'session_id', 'platform', 'model', 'provider', 'base_url', 'api_mode', 'api_call_count', 'middleware_trace', 'telemetry_schema_version', 'middleware_schema_version']
messages count: 189
last message: {"success": true, "name": "hermes-internals", "description": "Trace Hermes Agent internal mechanisms — AIAgent lifecycle, background review, model fallback, and self-improvement engines.", "tags": ["h
cfg enabled: True
classify result: simple
current model: deepseek-v4-pro, list_key: simple_models, model_list: ['deepseek-chat']
providers keys: ['deepseek-chat', 'qwen3.7-flash', 'deepseek-v4-pro', 'qwen3.7-plus']
prices keys: ['deepseek-chat', 'deepseek-v4-pro', 'qwen3.7-plus']
CANDIDATE deepseek-chat price=0.14
candidates count: 1
trying candidates: ['deepseek-chat']
--- try #1: deepseek-chat ---
=== on_llm_execution ENTER ===
request type: dict
context keys: ['original_request', 'task_id', 'turn_id', 'api_request_id', 'session_id', 'platform', 'model', 'provider', 'base_url', 'api_mode', 'api_call_count', 'middleware_trace', 'telemetry_schema_version', 'middleware_schema_version']
messages count: 186
last message: 所以现在我的smart-router插件好用了吗
cfg enabled: True
classify result: simple
current model: deepseek-v4-pro, list_key: simple_models, model_list: ['deepseek-chat']
providers keys: ['deepseek-chat', 'qwen3.7-flash', 'deepseek-v4-pro', 'qwen3.7-plus']
prices keys: ['deepseek-chat', 'deepseek-v4-pro', 'qwen3.7-plus']
CANDIDATE deepseek-chat price=0.14
candidates count: 1
trying candidates: ['deepseek-chat']
--- try #1: deepseek-chat ---
SUCCESS! model=deepseek-v4-flash choices=1
=== on_llm_execution ENTER ===
request type: dict
context keys: ['original_request', 'task_id', 'turn_id', 'api_request_id', 'session_id', 'platform', 'model', 'provider', 'base_url', 'api_mode', 'api_call_count', 'middleware_trace', 'telemetry_schema_version', 'middleware_schema_version']
messages count: 191
last message: {"success": false, "error": "Refusing background curator patch for skill 'hermes-plugin-middleware': the current SKILL.md content has not been loaded in this review turn. Call skill_view(name) for SKI
cfg enabled: True
classify result: simple
current model: deepseek-v4-pro, list_key: simple_models, model_list: ['deepseek-chat']
providers keys: ['deepseek-chat', 'qwen3.7-flash', 'deepseek-v4-pro', 'qwen3.7-plus']
prices keys: ['deepseek-chat', 'deepseek-v4-pro', 'qwen3.7-plus']
CANDIDATE deepseek-chat price=0.14
candidates count: 1
trying candidates: ['deepseek-chat']
--- try #1: deepseek-chat ---
SUCCESS! model=deepseek-v4-flash choices=1
=== on_llm_execution ENTER ===
request type: dict
context keys: ['original_request', 'task_id', 'turn_id', 'api_request_id', 'session_id', 'platform', 'model', 'provider', 'base_url', 'api_mode', 'api_call_count', 'middleware_trace', 'telemetry_schema_version', 'middleware_schema_version']
messages count: 193
last message: {"success": true, "name": "hermes-plugin-middleware", "description": "Trace Hermes plugin system and middleware pipeline.", "tags": ["hermes", "plugin", "middleware", "source-trace"], "related_skills"
cfg enabled: True
classify result: simple
current model: deepseek-v4-pro, list_key: simple_models, model_list: ['deepseek-chat']
providers keys: ['deepseek-chat', 'qwen3.7-flash', 'deepseek-v4-pro', 'qwen3.7-plus']
prices keys: ['deepseek-chat', 'deepseek-v4-pro', 'qwen3.7-plus']
CANDIDATE deepseek-chat price=0.14
candidates count: 1
trying candidates: ['deepseek-chat']
--- try #1: deepseek-chat ---
SUCCESS! model=deepseek-v4-flash choices=1
SUCCESS! model=deepseek-v4-flash choices=1
=== on_llm_execution ENTER ===
request type: dict
context keys: ['original_request', 'task_id', 'turn_id', 'api_request_id', 'session_id', 'platform', 'model', 'provider', 'base_url', 'api_mode', 'api_call_count', 'middleware_trace', 'telemetry_schema_version', 'middleware_schema_version']
messages count: 195
last message: {"success": true, "name": "hermes-plugin-middleware", "file": "references/middleware-403-debugging.md", "content": "# 403 AccessDenied Debugging Recipe\n\nConcrete walkthrough from smart-router plugin
cfg enabled: True
classify result: simple
current model: deepseek-v4-pro, list_key: simple_models, model_list: ['deepseek-chat']
providers keys: ['deepseek-chat', 'qwen3.7-flash', 'deepseek-v4-pro', 'qwen3.7-plus']
prices keys: ['deepseek-chat', 'deepseek-v4-pro', 'qwen3.7-plus']
CANDIDATE deepseek-chat price=0.14
candidates count: 1
trying candidates: ['deepseek-chat']
--- try #1: deepseek-chat ---
=== on_llm_execution ENTER ===
request type: dict
context keys: ['original_request', 'task_id', 'turn_id', 'api_request_id', 'session_id', 'platform', 'model', 'provider', 'base_url', 'api_mode', 'api_call_count', 'middleware_trace', 'telemetry_schema_version', 'middleware_schema_version']
messages count: 188
last message: {"output": "1. enabled: True\n2. simple_models: ['deepseek-chat']\n3. complex_models: ['deepseek-v4-pro']\n4. classify(\"你好\") -> simple\n5. classify(\"帮我写一个快速排序函数\") -> complex\n6. DEEPSEEK_API_KEY 存
cfg enabled: True
classify result: simple
current model: deepseek-v4-pro, list_key: simple_models, model_list: ['deepseek-chat']
providers keys: ['deepseek-chat', 'qwen3.7-flash', 'deepseek-v4-pro', 'qwen3.7-plus']
prices keys: ['deepseek-chat', 'deepseek-v4-pro', 'qwen3.7-plus']
CANDIDATE deepseek-chat price=0.14
candidates count: 1
trying candidates: ['deepseek-chat']
--- try #1: deepseek-chat ---
SUCCESS! model=deepseek-v4-flash choices=1
SUCCESS! model=deepseek-v4-flash choices=1
=== on_llm_execution ENTER ===
request type: dict
context keys: ['original_request', 'task_id', 'turn_id', 'api_request_id', 'session_id', 'platform', 'model', 'provider', 'base_url', 'api_mode', 'api_call_count', 'middleware_trace', 'telemetry_schema_version', 'middleware_schema_version']
messages count: 197
last message: {"success": true, "message": "Patched SKILL.md in skill 'hermes-plugin-middleware' (1 replacement).", "_change": {"old": "- **Dead code trap:** when a router plugin is refactored, the old\n  implement
cfg enabled: True
classify result: simple
current model: deepseek-v4-pro, list_key: simple_models, model_list: ['deepseek-chat']
providers keys: ['deepseek-chat', 'qwen3.7-flash', 'deepseek-v4-pro', 'qwen3.7-plus']
prices keys: ['deepseek-chat', 'deepseek-v4-pro', 'qwen3.7-plus']
CANDIDATE deepseek-chat price=0.14
candidates count: 1
trying candidates: ['deepseek-chat']
--- try #1: deepseek-chat ---
=== on_llm_execution ENTER ===
request type: dict
context keys: ['original_request', 'task_id', 'turn_id', 'api_request_id', 'session_id', 'platform', 'model', 'provider', 'base_url', 'api_mode', 'api_call_count', 'middleware_trace', 'telemetry_schema_version', 'middleware_schema_version']
messages count: 190
last message: {"output": "deepseek-chat 真实调用成功, 返回 model = deepseek-v4-flash", "exit_code": 0, "error": null, "approval": "Command was flagged (script execution via -e/-c flag) and auto-approved by smart approval."
cfg enabled: True
classify result: simple
current model: deepseek-v4-pro, list_key: simple_models, model_list: ['deepseek-chat']
providers keys: ['deepseek-chat', 'qwen3.7-flash', 'deepseek-v4-pro', 'qwen3.7-plus']
prices keys: ['deepseek-chat', 'deepseek-v4-pro', 'qwen3.7-plus']
CANDIDATE deepseek-chat price=0.14
candidates count: 1
trying candidates: ['deepseek-chat']
--- try #1: deepseek-chat ---
SUCCESS! model=deepseek-v4-flash choices=1
=== on_llm_execution ENTER ===
request type: dict
context keys: ['original_request', 'task_id', 'turn_id', 'api_request_id', 'session_id', 'platform', 'model', 'provider', 'base_url', 'api_mode', 'api_call_count', 'middleware_trace', 'telemetry_schema_version', 'middleware_schema_version']
messages count: 199
last message: {"success": true, "message": "File 'references/config-write-protection-trace.md' written to skill 'hermes-internals'.", "path": "/home/linzizhou/.hermes/skills/software-development/hermes-internals/re
cfg enabled: True
classify result: simple
current model: deepseek-v4-pro, list_key: simple_models, model_list: ['deepseek-chat']
providers keys: ['deepseek-chat', 'qwen3.7-flash', 'deepseek-v4-pro', 'qwen3.7-plus']
prices keys: ['deepseek-chat', 'deepseek-v4-pro', 'qwen3.7-plus']
CANDIDATE deepseek-chat price=0.14
candidates count: 1
trying candidates: ['deepseek-chat']
--- try #1: deepseek-chat ---
SUCCESS! model=deepseek-v4-flash choices=1
SUCCESS! model=deepseek-v4-flash choices=1
=== on_llm_execution ENTER ===
request type: dict
context keys: ['original_request', 'task_id', 'turn_id', 'api_request_id', 'session_id', 'platform', 'model', 'provider', 'base_url', 'api_mode', 'api_call_count', 'middleware_trace', 'telemetry_schema_version', 'middleware_schema_version']
messages count: 201
last message: {"success": true, "message": "Patched SKILL.md in skill 'hermes-internals' (1 replacement).", "_change": {"old": "- `references/plugin-discovery-trace.md` — Full trace of the plugin discovery\n  and l
cfg enabled: True
classify result: simple
current model: deepseek-v4-pro, list_key: simple_models, model_list: ['deepseek-chat']
providers keys: ['deepseek-chat', 'qwen3.7-flash', 'deepseek-v4-pro', 'qwen3.7-plus']
prices keys: ['deepseek-chat', 'deepseek-v4-pro', 'qwen3.7-plus']
CANDIDATE deepseek-chat price=0.14
candidates count: 1
trying candidates: ['deepseek-chat']
--- try #1: deepseek-chat ---
SUCCESS! model=deepseek-v4-flash choices=1
=== on_llm_execution ENTER ===
request type: dict
context keys: ['original_request', 'task_id', 'turn_id', 'api_request_id', 'session_id', 'platform', 'model', 'provider', 'base_url', 'api_mode', 'api_call_count', 'middleware_trace', 'telemetry_schema_version', 'middleware_schema_version']
messages count: 192
last message: 我不信，感觉你在骗我
cfg enabled: True
classify result: simple
current model: deepseek-v4-pro, list_key: simple_models, model_list: ['deepseek-chat']
providers keys: ['deepseek-chat', 'qwen3.7-flash', 'deepseek-v4-pro', 'qwen3.7-plus']
prices keys: ['deepseek-chat', 'deepseek-v4-pro', 'qwen3.7-plus']
CANDIDATE deepseek-chat price=0.14
candidates count: 1
trying candidates: ['deepseek-chat']
--- try #1: deepseek-chat ---
SUCCESS! model=deepseek-v4-flash choices=1
=== on_llm_execution ENTER ===
request type: dict
context keys: ['original_request', 'task_id', 'turn_id', 'api_request_id', 'session_id', 'platform', 'model', 'provider', 'base_url', 'api_mode', 'api_call_count', 'middleware_trace', 'telemetry_schema_version', 'middleware_schema_version']
messages count: 194
last message: {"output": "request type: dict\ncontext keys: ['original_request', 'task_id', 'turn_id', 'api_request_id', 'session_id', 'platform', 'model', 'provider', 'base_url', 'api_mode', 'api_call_count', 'mid
cfg enabled: True
classify result: simple
current model: deepseek-v4-pro, list_key: simple_models, model_list: ['deepseek-chat']
providers keys: ['deepseek-chat', 'qwen3.7-flash', 'deepseek-v4-pro', 'qwen3.7-plus']
prices keys: ['deepseek-chat', 'deepseek-v4-pro', 'qwen3.7-plus']
CANDIDATE deepseek-chat price=0.14
candidates count: 1
trying candidates: ['deepseek-chat']
--- try #1: deepseek-chat ---
SUCCESS! model=deepseek-v4-flash choices=1
=== on_llm_execution ENTER ===
request type: dict
context keys: ['original_request', 'task_id', 'turn_id', 'api_request_id', 'session_id', 'platform', 'model', 'provider', 'base_url', 'api_mode', 'api_call_count', 'middleware_trace', 'telemetry_schema_version', 'middleware_schema_version']
messages count: 196
last message: 我需要真实的看到变化，你告诉我去哪里怎么看
cfg enabled: True
classify result: simple
current model: deepseek-v4-pro, list_key: simple_models, model_list: ['deepseek-chat']
providers keys: ['deepseek-chat', 'qwen3.7-flash', 'deepseek-v4-pro', 'qwen3.7-plus']
prices keys: ['deepseek-chat', 'deepseek-v4-pro', 'qwen3.7-plus']
CANDIDATE deepseek-chat price=0.14
candidates count: 1
trying candidates: ['deepseek-chat']
--- try #1: deepseek-chat ---
SUCCESS! model=deepseek-v4-flash choices=1
=== on_llm_execution ENTER ===
request type: dict
context keys: ['original_request', 'task_id', 'turn_id', 'api_request_id', 'session_id', 'platform', 'model', 'provider', 'base_url', 'api_mode', 'api_call_count', 'middleware_trace', 'telemetry_schema_version', 'middleware_schema_version']
messages count: 2
last message: [Note: model was just switched from deepseek-v4-flash to deepseek-v4-pro via DeepSeek. Adjust your self-identification accordingly.]

linzizhou@linzizhou-VirtualBox:~/.hermes/plugins/smart-router$ 
我的
cfg enabled: True
classify result: simple
current model: deepseek-v4-pro, list_key: simple_models, model_list: ['deepseek-chat']
providers keys: ['deepseek-chat', 'qwen3.7-flash', 'deepseek-v4-pro', 'qwen3.7-plus']
prices keys: ['deepseek-chat', 'deepseek-v4-pro', 'qwen3.7-plus']
CANDIDATE deepseek-chat price=0.14
candidates count: 1
trying candidates: ['deepseek-chat']
--- try #1: deepseek-chat ---
SUCCESS! model=deepseek-v4-flash choices=1
=== on_llm_execution ENTER ===
request type: dict
context keys: ['original_request', 'task_id', 'turn_id', 'api_request_id', 'session_id', 'platform', 'model', 'provider', 'base_url', 'api_mode', 'api_call_count', 'middleware_trace', 'telemetry_schema_version', 'middleware_schema_version']
messages count: 5
last message: {"total_count": 7, "matches_format": "path-grouped: each file path on its own line, followed by indented '<line>: <content>' rows for matches in that file", "matches_text": "/home/linzizhou/.hermes/co
cfg enabled: True
classify result: simple
current model: deepseek-v4-pro, list_key: simple_models, model_list: ['deepseek-chat']
providers keys: ['deepseek-chat', 'qwen3.7-flash', 'deepseek-v4-pro', 'qwen3.7-plus']
prices keys: ['deepseek-chat', 'deepseek-v4-pro', 'qwen3.7-plus']
CANDIDATE deepseek-chat price=0.14
candidates count: 1
trying candidates: ['deepseek-chat']
--- try #1: deepseek-chat ---
SUCCESS! model=deepseek-v4-flash choices=1
=== on_llm_execution ENTER ===
request type: dict
context keys: ['original_request', 'task_id', 'turn_id', 'api_request_id', 'session_id', 'platform', 'model', 'provider', 'base_url', 'api_mode', 'api_call_count', 'middleware_trace', 'telemetry_schema_version', 'middleware_schema_version']
messages count: 8
last message: {"output": "messages count: 2\nlast message: [Note: model was just switched from deepseek-v4-flash to deepseek-v4-pro via DeepSeek. Adjust your self-identification accordingly.]\n\nlinzizhou@linzizhou
cfg enabled: True
classify result: simple
current model: deepseek-v4-pro, list_key: simple_models, model_list: ['deepseek-chat']
providers keys: ['deepseek-chat', 'qwen3.7-flash', 'deepseek-v4-pro', 'qwen3.7-plus']
prices keys: ['deepseek-chat', 'deepseek-v4-pro', 'qwen3.7-plus']
CANDIDATE deepseek-chat price=0.14
candidates count: 1
trying candidates: ['deepseek-chat']
--- try #1: deepseek-chat ---
SUCCESS! model=deepseek-v4-flash choices=1
=== on_llm_execution ENTER ===
request type: dict
context keys: ['original_request', 'task_id', 'turn_id', 'api_request_id', 'session_id', 'platform', 'model', 'provider', 'base_url', 'api_mode', 'api_call_count', 'middleware_trace', 'telemetry_schema_version', 'middleware_schema_version']
messages count: 10
last message: model:
  default: deepseek-v4-flash
  provider: deepseek
  base_url: https://api.deepseek.com/v1
agent:
  max_turns: 150
display:
  tool_progress: all
onboarding:
  seen:
    busy_input_prompt: true
 
cfg enabled: True
classify result: complex
current model: deepseek-v4-pro, list_key: complex_models, model_list: ['deepseek-v4-pro']
providers keys: ['deepseek-chat', 'qwen3.7-flash', 'deepseek-v4-pro', 'qwen3.7-plus']
prices keys: ['deepseek-chat', 'deepseek-v4-pro', 'qwen3.7-plus']
SKIP deepseek-v4-pro: same as current
candidates count: 0
FALLBACK: no candidates
=== on_llm_execution ENTER ===
request type: dict
context keys: ['original_request', 'task_id', 'turn_id', 'api_request_id', 'session_id', 'platform', 'model', 'provider', 'base_url', 'api_mode', 'api_call_count', 'middleware_trace', 'telemetry_schema_version', 'middleware_schema_version']
messages count: 15
last message: {"total_count": 8, "files": ["/home/linzizhou/.hermes/logs/agent.log", "/home/linzizhou/.hermes/logs/errors.log", "/home/linzizhou/.hermes/logs/gateway.log", "/home/linzizhou/.hermes/logs/gateway-exit
cfg enabled: True
classify result: complex
current model: deepseek-v4-pro, list_key: complex_models, model_list: ['deepseek-v4-pro']
providers keys: ['deepseek-chat', 'qwen3.7-flash', 'deepseek-v4-pro', 'qwen3.7-plus']
prices keys: ['deepseek-chat', 'deepseek-v4-pro', 'qwen3.7-plus']
SKIP deepseek-v4-pro: same as current
candidates count: 0
FALLBACK: no candidates
=== on_llm_execution ENTER ===
request type: dict
context keys: ['original_request', 'task_id', 'turn_id', 'api_request_id', 'session_id', 'platform', 'model', 'provider', 'base_url', 'api_mode', 'api_call_count', 'middleware_trace', 'telemetry_schema_version', 'middleware_schema_version']
messages count: 20
last message: {"output": "grep: /home/linzizhou/.hermes/logs/agent.log: binary file matches", "exit_code": 0, "error": null}
cfg enabled: True
classify result: complex
current model: deepseek-v4-pro, list_key: complex_models, model_list: ['deepseek-v4-pro']
providers keys: ['deepseek-chat', 'qwen3.7-flash', 'deepseek-v4-pro', 'qwen3.7-plus']
prices keys: ['deepseek-chat', 'deepseek-v4-pro', 'qwen3.7-plus']
SKIP deepseek-v4-pro: same as current
candidates count: 0
FALLBACK: no candidates
=== on_llm_execution ENTER ===
request type: dict
context keys: ['original_request', 'task_id', 'turn_id', 'api_request_id', 'session_id', 'platform', 'model', 'provider', 'base_url', 'api_mode', 'api_call_count', 'middleware_trace', 'telemetry_schema_version', 'middleware_schema_version']
messages count: 23
last message: {"output": "24894 /home/linzizhou/.hermes/logs/agent.log\n===\n953 INFO tools.file_tools: Creating new local environment for task default...\n2026-07-31 17:20:31,064 INFO tools.environments.base: Sess
cfg enabled: True
classify result: complex
current model: deepseek-v4-pro, list_key: complex_models, model_list: ['deepseek-v4-pro']
providers keys: ['deepseek-chat', 'qwen3.7-flash', 'deepseek-v4-pro', 'qwen3.7-plus']
prices keys: ['deepseek-chat', 'deepseek-v4-pro', 'qwen3.7-plus']
SKIP deepseek-v4-pro: same as current
candidates count: 0
FALLBACK: no candidates
=== on_llm_execution ENTER ===
request type: dict
context keys: ['original_request', 'task_id', 'turn_id', 'api_request_id', 'session_id', 'platform', 'model', 'provider', 'base_url', 'api_mode', 'api_call_count', 'middleware_trace', 'telemetry_schema_version', 'middleware_schema_version']
messages count: 25
last message: 所以现在根本没法验证这个插件有没有实现动态路由是吗，我之前尝试说你好，你是什么模型，你说他回答的话不能信，那我应该用什么方法直观看到模型改变呢，还是说，现在根本就没有实现动态路由
cfg enabled: True
classify result: simple
current model: deepseek-v4-pro, list_key: simple_models, model_list: ['deepseek-chat']
providers keys: ['deepseek-chat', 'qwen3.7-flash', 'deepseek-v4-pro', 'qwen3.7-plus']
prices keys: ['deepseek-chat', 'deepseek-v4-pro', 'qwen3.7-plus']
CANDIDATE deepseek-chat price=0.14
candidates count: 1
trying candidates: ['deepseek-chat']
--- try #1: deepseek-chat ---
=== on_llm_execution ENTER ===
request type: dict
context keys: ['original_request', 'task_id', 'turn_id', 'api_request_id', 'session_id', 'platform', 'model', 'provider', 'base_url', 'api_mode', 'api_call_count', 'middleware_trace', 'telemetry_schema_version', 'middleware_schema_version']
messages count: 198
last message: 我不信你自己写的debug代码
cfg enabled: True
classify result: complex
current model: deepseek-v4-pro, list_key: complex_models, model_list: ['deepseek-v4-pro']
providers keys: ['deepseek-chat', 'qwen3.7-flash', 'deepseek-v4-pro', 'qwen3.7-plus']
prices keys: ['deepseek-chat', 'deepseek-v4-pro', 'qwen3.7-plus']
SKIP deepseek-v4-pro: same as current
candidates count: 0
FALLBACK: no candidates
SUCCESS! model=deepseek-v4-flash choices=1
=== on_llm_execution ENTER ===
request type: dict
context keys: ['original_request', 'task_id', 'turn_id', 'api_request_id', 'session_id', 'platform', 'model', 'provider', 'base_url', 'api_mode', 'api_call_count', 'middleware_trace', 'telemetry_schema_version', 'middleware_schema_version']
messages count: 200
last message: {"output": "----\ntotal 5220\ndrwx------  3 linzizhou linzizhou    4096 Jul 27 17:11 .\ndrwx------ 23 linzizhou linzizhou    4096 Jul 31 17:27 ..\n-rw-rw-r--  1 linzizhou linzizhou 4598705 Jul 31 17:2
cfg enabled: True
classify result: complex
current model: deepseek-v4-pro, list_key: complex_models, model_list: ['deepseek-v4-pro']
providers keys: ['deepseek-chat', 'qwen3.7-flash', 'deepseek-v4-pro', 'qwen3.7-plus']
prices keys: ['deepseek-chat', 'deepseek-v4-pro', 'qwen3.7-plus']
SKIP deepseek-v4-pro: same as current
candidates count: 0
FALLBACK: no candidates
=== on_llm_execution ENTER ===
request type: dict
context keys: ['original_request', 'task_id', 'turn_id', 'api_request_id', 'session_id', 'platform', 'model', 'provider', 'base_url', 'api_mode', 'api_call_count', 'middleware_trace', 'telemetry_schema_version', 'middleware_schema_version']
messages count: 202
last message: {"output": "", "exit_code": 0, "error": null}
cfg enabled: True
classify result: complex
current model: deepseek-v4-pro, list_key: complex_models, model_list: ['deepseek-v4-pro']
providers keys: ['deepseek-chat', 'qwen3.7-flash', 'deepseek-v4-pro', 'qwen3.7-plus']
prices keys: ['deepseek-chat', 'deepseek-v4-pro', 'qwen3.7-plus']
SKIP deepseek-v4-pro: same as current
candidates count: 0
FALLBACK: no candidates
=== on_llm_execution ENTER ===
request type: dict
context keys: ['original_request', 'task_id', 'turn_id', 'api_request_id', 'session_id', 'platform', 'model', 'provider', 'base_url', 'api_mode', 'api_call_count', 'middleware_trace', 'telemetry_schema_version', 'middleware_schema_version']
messages count: 27
last message: 1说了多少遍了啊，我不信你写的debug代码啊
cfg enabled: True
classify result: complex
current model: deepseek-v4-pro, list_key: complex_models, model_list: ['deepseek-v4-pro']
providers keys: ['deepseek-chat', 'qwen3.7-flash', 'deepseek-v4-pro', 'qwen3.7-plus']
prices keys: ['deepseek-chat', 'deepseek-v4-pro', 'qwen3.7-plus']
SKIP deepseek-v4-pro: same as current
candidates count: 0
FALLBACK: no candidates
=== on_llm_execution ENTER ===
request type: dict
context keys: ['original_request', 'task_id', 'turn_id', 'api_request_id', 'session_id', 'platform', 'model', 'provider', 'base_url', 'api_mode', 'api_call_count', 'middleware_trace', 'telemetry_schema_version', 'middleware_schema_version']
messages count: 29
last message: user_id	utc_date	model	wallet_type	cost	currency
0766d522-e61b-45d5-a342-3ba3763973fd	20260725	deepseek-v4-pro	Paid	5.8027462000000000	CNY
0766d522-e61b-45d5-a342-3ba3763973fd	20260725	deepseek-v4-fla
cfg enabled: True
classify result: simple
current model: deepseek-v4-pro, list_key: simple_models, model_list: ['deepseek-chat']
providers keys: ['deepseek-chat', 'qwen3.7-flash', 'deepseek-v4-pro', 'qwen3.7-plus']
prices keys: ['deepseek-chat', 'deepseek-v4-pro', 'qwen3.7-plus']
CANDIDATE deepseek-chat price=0.14
candidates count: 1
trying candidates: ['deepseek-chat']
--- try #1: deepseek-chat ---
SUCCESS! model=deepseek-v4-flash choices=1
=== on_llm_execution ENTER ===
request type: dict
context keys: ['original_request', 'task_id', 'turn_id', 'api_request_id', 'session_id', 'platform', 'model', 'provider', 'base_url', 'api_mode', 'api_call_count', 'middleware_trace', 'telemetry_schema_version', 'middleware_schema_version']
messages count: 32
last message: {"output": "请求 deepseek-v4-flash -> 实际响应 model: deepseek-v4-flash", "exit_code": 0, "error": null, "approval": "Command was flagged (Security scan — [HIGH] Pipe to interpreter: curl | python3: Command
cfg enabled: True
classify result: simple
current model: deepseek-v4-pro, list_key: simple_models, model_list: ['deepseek-chat']
providers keys: ['deepseek-chat', 'qwen3.7-flash', 'deepseek-v4-pro', 'qwen3.7-plus']
prices keys: ['deepseek-chat', 'deepseek-v4-pro', 'qwen3.7-plus']
CANDIDATE deepseek-chat price=0.14
candidates count: 1
trying candidates: ['deepseek-chat']
--- try #1: deepseek-chat ---
=== on_llm_execution ENTER ===
request type: dict
context keys: ['original_request', 'task_id', 'turn_id', 'api_request_id', 'session_id', 'platform', 'model', 'provider', 'base_url', 'api_mode', 'api_call_count', 'middleware_trace', 'telemetry_schema_version', 'middleware_schema_version']
messages count: 204
last message: user_id	utc_date	model	api_key_name	api_key	type	price	amount
0766d522-e61b-45d5-a342-3ba3763973fd	20260725	deepseek-v4-pro	hermes	sk-e959c***********************7885	input_cache_hit_tokens	0.00000002
cfg enabled: True
classify result: simple
current model: deepseek-v4-pro, list_key: simple_models, model_list: ['deepseek-chat']
providers keys: ['deepseek-chat', 'qwen3.7-flash', 'deepseek-v4-pro', 'qwen3.7-plus']
prices keys: ['deepseek-chat', 'deepseek-v4-pro', 'qwen3.7-plus']
CANDIDATE deepseek-chat price=0.14
candidates count: 1
trying candidates: ['deepseek-chat']
--- try #1: deepseek-chat ---
SUCCESS! model=deepseek-v4-flash choices=1
=== on_llm_execution ENTER ===
request type: dict
context keys: ['original_request', 'task_id', 'turn_id', 'api_request_id', 'session_id', 'platform', 'model', 'provider', 'base_url', 'api_mode', 'api_call_count', 'middleware_trace', 'telemetry_schema_version', 'middleware_schema_version']
messages count: 35
last message: {"output": "2026-07-31 17:14:35.893982133 +0800 /home/linzizhou/.hermes/config.yaml\n---\n2026-07-30 17:14:12.541046243 +0800 /home/linzizhou/.hermes/plugins/smart-router/classifier.py\n2026-07-30 17:
cfg enabled: True
classify result: simple
current model: deepseek-v4-pro, list_key: simple_models, model_list: ['deepseek-chat']
providers keys: ['deepseek-chat', 'qwen3.7-flash', 'deepseek-v4-pro', 'qwen3.7-plus']
prices keys: ['deepseek-chat', 'deepseek-v4-pro', 'qwen3.7-plus']
CANDIDATE deepseek-chat price=0.14
candidates count: 1
trying candidates: ['deepseek-chat']
--- try #1: deepseek-chat ---
SUCCESS! model=deepseek-v4-flash choices=1
=== on_llm_execution ENTER ===
request type: dict
context keys: ['original_request', 'task_id', 'turn_id', 'api_request_id', 'session_id', 'platform', 'model', 'provider', 'base_url', 'api_mode', 'api_call_count', 'middleware_trace', 'telemetry_schema_version', 'middleware_schema_version']
messages count: 38
last message: {"output": "Plugin 'browser-browserbase'\nPlugin 'browser-browser-use'\nPlugin 'browser-firecrawl'\nPlugin 'deepinfra'\nPlugin 'fal'\nPlugin 'krea'\nPlugin 'openai'\nPlugin 'openai-codex'\nPlugin 'ope
cfg enabled: True
classify result: simple
current model: deepseek-v4-pro, list_key: simple_models, model_list: ['deepseek-chat']
providers keys: ['deepseek-chat', 'qwen3.7-flash', 'deepseek-v4-pro', 'qwen3.7-plus']
prices keys: ['deepseek-chat', 'deepseek-v4-pro', 'qwen3.7-plus']
CANDIDATE deepseek-chat price=0.14
candidates count: 1
trying candidates: ['deepseek-chat']
--- try #1: deepseek-chat ---
SUCCESS! model=deepseek-v4-flash choices=1
=== on_llm_execution ENTER ===
request type: dict
context keys: ['original_request', 'task_id', 'turn_id', 'api_request_id', 'session_id', 'platform', 'model', 'provider', 'base_url', 'api_mode', 'api_call_count', 'middleware_trace', 'telemetry_schema_version', 'middleware_schema_version']
messages count: 206
last message: Review the conversation above and update the skill library. Be ACTIVE — most sessions produce at least one skill update, even if small. A pass that does nothing is a missed learning opportunity, not a
cfg enabled: True
classify result: simple
current model: deepseek-v4-pro, list_key: simple_models, model_list: ['deepseek-chat']
providers keys: ['deepseek-chat', 'qwen3.7-flash', 'deepseek-v4-pro', 'qwen3.7-plus']
prices keys: ['deepseek-chat', 'deepseek-v4-pro', 'qwen3.7-plus']
CANDIDATE deepseek-chat price=0.14
candidates count: 1
trying candidates: ['deepseek-chat']
--- try #1: deepseek-chat ---
SUCCESS! model=deepseek-v4-flash choices=1
SUCCESS! model=deepseek-v4-flash choices=1
=== on_llm_execution ENTER ===
request type: dict
context keys: ['original_request', 'task_id', 'turn_id', 'api_request_id', 'session_id', 'platform', 'model', 'provider', 'base_url', 'api_mode', 'api_call_count', 'middleware_trace', 'telemetry_schema_version', 'middleware_schema_version']
messages count: 208
last message: {"success": true, "name": "hermes-plugin-middleware", "file": "references/smart-router-architecture.md", "content": "# Smart Router Plugin — Architecture (v2)\n\n## What it does\n\nPer-request dynamic
cfg enabled: True
classify result: simple
current model: deepseek-v4-pro, list_key: simple_models, model_list: ['deepseek-chat']
providers keys: ['deepseek-chat', 'qwen3.7-flash', 'deepseek-v4-pro', 'qwen3.7-plus']
prices keys: ['deepseek-chat', 'deepseek-v4-pro', 'qwen3.7-plus']
CANDIDATE deepseek-chat price=0.14
candidates count: 1
trying candidates: ['deepseek-chat']
--- try #1: deepseek-chat ---
=== on_llm_execution ENTER ===
request type: dict
context keys: ['original_request', 'task_id', 'turn_id', 'api_request_id', 'session_id', 'platform', 'model', 'provider', 'base_url', 'api_mode', 'api_call_count', 'middleware_trace', 'telemetry_schema_version', 'middleware_schema_version']
messages count: 41
last message: {"output": "2026-07-31 16:17:32,066 INFO [20260730_112924_1205ee] agent.conversation_loop: API call #11: model=deepseek-v4-pro provider=deepseek in=181568 out=175 total=181743 latency=4.9s cache=18099
cfg enabled: True
classify result: simple
current model: deepseek-v4-pro, list_key: simple_models, model_list: ['deepseek-chat']
providers keys: ['deepseek-chat', 'qwen3.7-flash', 'deepseek-v4-pro', 'qwen3.7-plus']
prices keys: ['deepseek-chat', 'deepseek-v4-pro', 'qwen3.7-plus']
CANDIDATE deepseek-chat price=0.14
candidates count: 1
trying candidates: ['deepseek-chat']
--- try #1: deepseek-chat ---
SUCCESS! model=deepseek-v4-flash choices=1
=== on_llm_execution ENTER ===
request type: dict
context keys: ['original_request', 'task_id', 'turn_id', 'api_request_id', 'session_id', 'platform', 'model', 'provider', 'base_url', 'api_mode', 'api_call_count', 'middleware_trace', 'telemetry_schema_version', 'middleware_schema_version']
messages count: 210
last message: {"success": true, "name": "hermes-internals", "description": "Trace Hermes Agent internal mechanisms — AIAgent lifecycle, background review, model fallback, and self-improvement engines.", "tags": ["h
cfg enabled: True
classify result: simple
current model: deepseek-v4-pro, list_key: simple_models, model_list: ['deepseek-chat']
providers keys: ['deepseek-chat', 'qwen3.7-flash', 'deepseek-v4-pro', 'qwen3.7-plus']
prices keys: ['deepseek-chat', 'deepseek-v4-pro', 'qwen3.7-plus']
CANDIDATE deepseek-chat price=0.14
candidates count: 1
trying candidates: ['deepseek-chat']
--- try #1: deepseek-chat ---
SUCCESS! model=deepseek-v4-flash choices=1
=== on_llm_execution ENTER ===
request type: dict
context keys: ['original_request', 'task_id', 'turn_id', 'api_request_id', 'session_id', 'platform', 'model', 'provider', 'base_url', 'api_mode', 'api_call_count', 'middleware_trace', 'telemetry_schema_version', 'middleware_schema_version']
messages count: 212
last message: {"success": false, "error": "Refusing background curator patch for skill 'hermes-plugin-middleware': the current SKILL.md content has not been loaded in this review turn. Call skill_view(name) for SKI
cfg enabled: True
classify result: simple
current model: deepseek-v4-pro, list_key: simple_models, model_list: ['deepseek-chat']
providers keys: ['deepseek-chat', 'qwen3.7-flash', 'deepseek-v4-pro', 'qwen3.7-plus']
prices keys: ['deepseek-chat', 'deepseek-v4-pro', 'qwen3.7-plus']
CANDIDATE deepseek-chat price=0.14
candidates count: 1
trying candidates: ['deepseek-chat']
--- try #1: deepseek-chat ---
SUCCESS! model=deepseek-v4-flash choices=1
=== on_llm_execution ENTER ===
request type: dict
context keys: ['original_request', 'task_id', 'turn_id', 'api_request_id', 'session_id', 'platform', 'model', 'provider', 'base_url', 'api_mode', 'api_call_count', 'middleware_trace', 'telemetry_schema_version', 'middleware_schema_version']
messages count: 214
last message: {"success": true, "name": "hermes-plugin-middleware", "description": "Trace Hermes plugin system and middleware pipeline.", "tags": ["hermes", "plugin", "middleware", "source-trace"], "related_skills"
cfg enabled: True
classify result: simple
current model: deepseek-v4-pro, list_key: simple_models, model_list: ['deepseek-chat']
providers keys: ['deepseek-chat', 'qwen3.7-flash', 'deepseek-v4-pro', 'qwen3.7-plus']
prices keys: ['deepseek-chat', 'deepseek-v4-pro', 'qwen3.7-plus']
CANDIDATE deepseek-chat price=0.14
candidates count: 1
trying candidates: ['deepseek-chat']
--- try #1: deepseek-chat ---
SUCCESS! model=deepseek-v4-flash choices=1
=== on_llm_execution ENTER ===
request type: dict
context keys: ['original_request', 'task_id', 'turn_id', 'api_request_id', 'session_id', 'platform', 'model', 'provider', 'base_url', 'api_mode', 'api_call_count', 'middleware_trace', 'telemetry_schema_version', 'middleware_schema_version']
messages count: 216
last message: {"success": true, "name": "hermes-plugin-middleware", "file": "references/middleware-403-debugging.md", "content": "# 403 AccessDenied Debugging Recipe\n\nConcrete walkthrough from smart-router plugin
cfg enabled: True
classify result: simple
current model: deepseek-v4-pro, list_key: simple_models, model_list: ['deepseek-chat']
providers keys: ['deepseek-chat', 'qwen3.7-flash', 'deepseek-v4-pro', 'qwen3.7-plus']
prices keys: ['deepseek-chat', 'deepseek-v4-pro', 'qwen3.7-plus']
CANDIDATE deepseek-chat price=0.14
candidates count: 1
trying candidates: ['deepseek-chat']
--- try #1: deepseek-chat ---
SUCCESS! model=deepseek-v4-flash choices=1
SUCCESS! model=deepseek-v4-flash choices=1
=== on_llm_execution ENTER ===
request type: dict
context keys: ['original_request', 'task_id', 'turn_id', 'api_request_id', 'session_id', 'platform', 'model', 'provider', 'base_url', 'api_mode', 'api_call_count', 'middleware_trace', 'telemetry_schema_version', 'middleware_schema_version']
messages count: 218
last message: {"success": true, "message": "Patched SKILL.md in skill 'hermes-plugin-middleware' (1 replacement).", "_change": {"old": "- **Verify interception via debug log, not the banner.** The `resp.model`\n  f
cfg enabled: True
classify result: simple
current model: deepseek-v4-pro, list_key: simple_models, model_list: ['deepseek-chat']
providers keys: ['deepseek-chat', 'qwen3.7-flash', 'deepseek-v4-pro', 'qwen3.7-plus']
prices keys: ['deepseek-chat', 'deepseek-v4-pro', 'qwen3.7-plus']
CANDIDATE deepseek-chat price=0.14
candidates count: 1
trying candidates: ['deepseek-chat']
--- try #1: deepseek-chat ---
SUCCESS! model=deepseek-v4-flash choices=1
=== on_llm_execution ENTER ===
request type: dict
context keys: ['original_request', 'task_id', 'turn_id', 'api_request_id', 'session_id', 'platform', 'model', 'provider', 'base_url', 'api_mode', 'api_call_count', 'middleware_trace', 'telemetry_schema_version', 'middleware_schema_version']
messages count: 220
last message: {"success": true, "message": "Patched references/smart-router-architecture.md in skill 'hermes-plugin-middleware' (1 replacement).", "_change": {"old": "- **Classifier runs first, routing second:** Th
cfg enabled: True
classify result: simple
current model: deepseek-v4-pro, list_key: simple_models, model_list: ['deepseek-chat']
providers keys: ['deepseek-chat', 'qwen3.7-flash', 'deepseek-v4-pro', 'qwen3.7-plus']
prices keys: ['deepseek-chat', 'deepseek-v4-pro', 'qwen3.7-plus']
CANDIDATE deepseek-chat price=0.14
candidates count: 1
trying candidates: ['deepseek-chat']
--- try #1: deepseek-chat ---
SUCCESS! model=deepseek-v4-flash choices=1
=== on_llm_execution ENTER ===
request type: dict
context keys: ['original_request', 'task_id', 'turn_id', 'api_request_id', 'session_id', 'platform', 'model', 'provider', 'base_url', 'api_mode', 'api_call_count', 'middleware_trace', 'telemetry_schema_version', 'middleware_schema_version']
messages count: 43
last message: Review the conversation above and update the skill library. Be ACTIVE — most sessions produce at least one skill update, even if small. A pass that does nothing is a missed learning opportunity, not a
cfg enabled: True
classify result: simple
current model: deepseek-v4-pro, list_key: simple_models, model_list: ['deepseek-chat']
providers keys: ['deepseek-chat', 'qwen3.7-flash', 'deepseek-v4-pro', 'qwen3.7-plus']
prices keys: ['deepseek-chat', 'deepseek-v4-pro', 'qwen3.7-plus']
CANDIDATE deepseek-chat price=0.14
candidates count: 1
trying candidates: ['deepseek-chat']
--- try #1: deepseek-chat ---
SUCCESS! model=deepseek-v4-flash choices=1
=== on_llm_execution ENTER ===
request type: dict
context keys: ['original_request', 'task_id', 'turn_id', 'api_request_id', 'session_id', 'platform', 'model', 'provider', 'base_url', 'api_mode', 'api_call_count', 'middleware_trace', 'telemetry_schema_version', 'middleware_schema_version']
messages count: 45
last message: {"success": true, "skills": [{"name": "computer-use", "description": "Drive the user's desktop in the background — clicking, typing,\nscrolling, dragging — without stealing the cursor, keyboard focus,
cfg enabled: True
classify result: simple
current model: deepseek-v4-pro, list_key: simple_models, model_list: ['deepseek-chat']
providers keys: ['deepseek-chat', 'qwen3.7-flash', 'deepseek-v4-pro', 'qwen3.7-plus']
prices keys: ['deepseek-chat', 'deepseek-v4-pro', 'qwen3.7-plus']
CANDIDATE deepseek-chat price=0.14
candidates count: 1
trying candidates: ['deepseek-chat']
--- try #1: deepseek-chat ---
SUCCESS! model=deepseek-v4-flash choices=1
=== on_llm_execution ENTER ===
request type: dict
context keys: ['original_request', 'task_id', 'turn_id', 'api_request_id', 'session_id', 'platform', 'model', 'provider', 'base_url', 'api_mode', 'api_call_count', 'middleware_trace', 'telemetry_schema_version', 'middleware_schema_version']
messages count: 47
last message: {"success": true, "name": "hermes-plugin-development", "description": "开发 Hermes Agent 插件——从零搭建、discovery 链路、middleware 注册。", "tags": ["hermes", "plugin", "middleware", "development"], "related_skills
cfg enabled: True
classify result: simple
current model: deepseek-v4-pro, list_key: simple_models, model_list: ['deepseek-chat']
providers keys: ['deepseek-chat', 'qwen3.7-flash', 'deepseek-v4-pro', 'qwen3.7-plus']
prices keys: ['deepseek-chat', 'deepseek-v4-pro', 'qwen3.7-plus']
CANDIDATE deepseek-chat price=0.14
candidates count: 1
trying candidates: ['deepseek-chat']
--- try #1: deepseek-chat ---
SUCCESS! model=deepseek-v4-flash choices=1
=== on_llm_execution ENTER ===
request type: dict
context keys: ['original_request', 'task_id', 'turn_id', 'api_request_id', 'session_id', 'platform', 'model', 'provider', 'base_url', 'api_mode', 'api_call_count', 'middleware_trace', 'telemetry_schema_version', 'middleware_schema_version']
messages count: 49
last message: {"success": true, "message": "Patched SKILL.md in skill 'hermes-plugin-development' (1 replacement).", "_change": {"old": "- **Hermes agent.log 里的 `model=` 是配置值，不是实际请求模型。** `llm_execution` 中间件用自建 Open
cfg enabled: True
classify result: simple
current model: deepseek-v4-pro, list_key: simple_models, model_list: ['deepseek-chat']
providers keys: ['deepseek-chat', 'qwen3.7-flash', 'deepseek-v4-pro', 'qwen3.7-plus']
prices keys: ['deepseek-chat', 'deepseek-v4-pro', 'qwen3.7-plus']
CANDIDATE deepseek-chat price=0.14
candidates count: 1
trying candidates: ['deepseek-chat']
--- try #1: deepseek-chat ---
SUCCESS! model=deepseek-v4-flash choices=1
=== on_llm_execution ENTER ===
request type: dict
context keys: ['original_request', 'task_id', 'turn_id', 'api_request_id', 'session_id', 'platform', 'model', 'provider', 'base_url', 'api_mode', 'api_call_count', 'middleware_trace', 'telemetry_schema_version', 'middleware_schema_version']
messages count: 51
last message: {"success": true, "message": "Patched SKILL.md in skill 'hermes-plugin-development' (1 replacement).", "_change": {"old": "- **`.env` 优先于 `config.yaml` 存 api_key。** 中间件通过 `os.environ.get(\"KEY_ENV_VAR
cfg enabled: True
classify result: simple
current model: deepseek-v4-pro, list_key: simple_models, model_list: ['deepseek-chat']
providers keys: ['deepseek-chat', 'qwen3.7-flash', 'deepseek-v4-pro', 'qwen3.7-plus']
prices keys: ['deepseek-chat', 'deepseek-v4-pro', 'qwen3.7-plus']
CANDIDATE deepseek-chat price=0.14
candidates count: 1
trying candidates: ['deepseek-chat']
--- try #1: deepseek-chat ---
SUCCESS! model=deepseek-v4-flash choices=1
=== on_llm_execution ENTER ===
request type: dict
context keys: ['original_request', 'task_id', 'turn_id', 'api_request_id', 'session_id', 'platform', 'model', 'provider', 'base_url', 'api_mode', 'api_call_count', 'middleware_trace', 'telemetry_schema_version', 'middleware_schema_version']
messages count: 53
last message: {"success": true, "done": true, "target": "memory", "usage": "90% — 1,988/2,200 chars", "entry_count": 8, "message": "Entry replaced.", "note": "Write saved. This update is complete — do not repeat it
cfg enabled: True
classify result: simple
current model: deepseek-v4-pro, list_key: simple_models, model_list: ['deepseek-chat']
providers keys: ['deepseek-chat', 'qwen3.7-flash', 'deepseek-v4-pro', 'qwen3.7-plus']
prices keys: ['deepseek-chat', 'deepseek-v4-pro', 'qwen3.7-plus']
CANDIDATE deepseek-chat price=0.14
candidates count: 1
trying candidates: ['deepseek-chat']
--- try #1: deepseek-chat ---
SUCCESS! model=deepseek-v4-flash choices=1
=== on_llm_execution ENTER ===
request type: dict
context keys: ['original_request', 'task_id', 'turn_id', 'api_request_id', 'session_id', 'platform', 'model', 'provider', 'base_url', 'api_mode', 'api_call_count', 'middleware_trace', 'telemetry_schema_version', 'middleware_schema_version']
messages count: 43
last message: 所以你的意思是我的linzizhou@linzizhou-VirtualBox:~/.hermes/plugins/smart-router$ 
插件成功了是吗
cfg enabled: True
classify result: simple
current model: deepseek-v4-pro, list_key: simple_models, model_list: ['deepseek-chat']
providers keys: ['deepseek-chat', 'qwen3.7-flash', 'deepseek-v4-pro', 'qwen3.7-plus']
prices keys: ['deepseek-chat', 'deepseek-v4-pro', 'qwen3.7-plus']
CANDIDATE deepseek-chat price=0.14
candidates count: 1
trying candidates: ['deepseek-chat']
--- try #1: deepseek-chat ---
SUCCESS! model=deepseek-v4-flash choices=1
=== on_llm_execution ENTER ===
request type: dict
context keys: ['original_request', 'task_id', 'turn_id', 'api_request_id', 'session_id', 'platform', 'model', 'provider', 'base_url', 'api_mode', 'api_call_count', 'middleware_trace', 'telemetry_schema_version', 'middleware_schema_version']
messages count: 206
last message: 所以你的意思是我的linzizhou@linzizhou-VirtualBox:~/.hermes/plugins/smart-router$ 
插件成功了是吗
cfg enabled: True
classify result: simple
current model: deepseek-v4-pro, list_key: simple_models, model_list: ['deepseek-chat']
providers keys: ['deepseek-chat', 'qwen3.7-flash', 'deepseek-v4-pro', 'qwen3.7-plus']
prices keys: ['deepseek-chat', 'deepseek-v4-pro', 'qwen3.7-plus']
CANDIDATE deepseek-chat price=0.14
candidates count: 1
trying candidates: ['deepseek-chat']
--- try #1: deepseek-chat ---
SUCCESS! model=deepseek-v4-flash choices=1
=== on_llm_execution ENTER ===
request type: dict
context keys: ['original_request', 'task_id', 'turn_id', 'api_request_id', 'session_id', 'platform', 'model', 'provider', 'base_url', 'api_mode', 'api_call_count', 'middleware_trace', 'telemetry_schema_version', 'middleware_schema_version']
messages count: 45
last message: 那你帮我把init的debug部分去掉
cfg enabled: True
classify result: complex
current model: deepseek-v4-pro, list_key: complex_models, model_list: ['deepseek-v4-pro']
providers keys: ['deepseek-chat', 'qwen3.7-flash', 'deepseek-v4-pro', 'qwen3.7-plus']
prices keys: ['deepseek-chat', 'deepseek-v4-pro', 'qwen3.7-plus']
SKIP deepseek-v4-pro: same as current
candidates count: 0
FALLBACK: no candidates
=== on_llm_execution ENTER ===
request type: dict
context keys: ['original_request', 'task_id', 'turn_id', 'api_request_id', 'session_id', 'platform', 'model', 'provider', 'base_url', 'api_mode', 'api_call_count', 'middleware_trace', 'telemetry_schema_version', 'middleware_schema_version']
messages count: 47
last message: {"status": "unchanged", "message": "File unchanged since last read. The content from the earlier read_file result in this conversation is still current — refer to that instead of re-reading.", "path":
cfg enabled: True
classify result: complex
current model: deepseek-v4-pro, list_key: complex_models, model_list: ['deepseek-v4-pro']
providers keys: ['deepseek-chat', 'qwen3.7-flash', 'deepseek-v4-pro', 'qwen3.7-plus']
prices keys: ['deepseek-chat', 'deepseek-v4-pro', 'qwen3.7-plus']
SKIP deepseek-v4-pro: same as current
candidates count: 0
FALLBACK: no candidates
=== on_llm_execution ENTER ===
request type: dict
context keys: ['original_request', 'task_id', 'turn_id', 'api_request_id', 'session_id', 'platform', 'model', 'provider', 'base_url', 'api_mode', 'api_call_count', 'middleware_trace', 'telemetry_schema_version', 'middleware_schema_version']
messages count: 49
last message: {"success": true, "diff": "--- a//home/linzizhou/.hermes/plugins/smart-router/__init__.py\n+++ b//home/linzizhou/.hermes/plugins/smart-router/__init__.py\n@@ -12,63 +12,33 @@\n from classifier import 
cfg enabled: True
classify result: complex
current model: deepseek-v4-pro, list_key: complex_models, model_list: ['deepseek-v4-pro']
providers keys: ['deepseek-chat', 'qwen3.7-flash', 'deepseek-v4-pro', 'qwen3.7-plus']
prices keys: ['deepseek-chat', 'deepseek-v4-pro', 'qwen3.7-plus']
SKIP deepseek-v4-pro: same as current
candidates count: 0
FALLBACK: no candidates
=== on_llm_execution ENTER ===
request type: dict
context keys: ['original_request', 'task_id', 'turn_id', 'api_request_id', 'session_id', 'platform', 'model', 'provider', 'base_url', 'api_mode', 'api_call_count', 'middleware_trace', 'telemetry_schema_version', 'middleware_schema_version']
messages count: 51
last message: {"success": true, "diff": "--- a//home/linzizhou/.hermes/plugins/smart-router/__init__.py\n+++ b//home/linzizhou/.hermes/plugins/smart-router/__init__.py\n@@ -1,6 +1,5 @@\n import os\n import sys\n-im
cfg enabled: True
classify result: complex
current model: deepseek-v4-pro, list_key: complex_models, model_list: ['deepseek-v4-pro']
providers keys: ['deepseek-chat', 'qwen3.7-flash', 'deepseek-v4-pro', 'qwen3.7-plus']
prices keys: ['deepseek-chat', 'deepseek-v4-pro', 'qwen3.7-plus']
SKIP deepseek-v4-pro: same as current
candidates count: 0
FALLBACK: no candidates
=== on_llm_execution ENTER ===
request type: dict
context keys: ['original_request', 'task_id', 'turn_id', 'api_request_id', 'session_id', 'platform', 'model', 'provider', 'base_url', 'api_mode', 'api_call_count', 'middleware_trace', 'telemetry_schema_version', 'middleware_schema_version']
messages count: 53
last message: model:
  default: deepseek-v4-pro
  provider: deepseek
  base_url: https://api.deepseek.com/v1
agent:
  max_turns: 150
display:
  tool_progress: all
onboarding:
  seen:
    busy_input_prompt: true
   
cfg enabled: True
classify result: complex
current model: deepseek-v4-pro, list_key: complex_models, model_list: ['deepseek-v4-pro']
providers keys: ['deepseek-chat', 'qwen3.7-flash', 'deepseek-v4-pro', 'qwen3.7-plus']
prices keys: ['deepseek-chat', 'deepseek-v4-pro', 'qwen3.7-plus']
SKIP deepseek-v4-pro: same as current
candidates count: 0
FALLBACK: no candidates
=== on_llm_execution ENTER ===
request type: dict
context keys: ['original_request', 'task_id', 'turn_id', 'api_request_id', 'session_id', 'platform', 'model', 'provider', 'base_url', 'api_mode', 'api_call_count', 'middleware_trace', 'telemetry_schema_version', 'middleware_schema_version']
messages count: 55
last message: custom_providers — 你之前加的阿里云 MaaS provider（qwen 模型池）这个干嘛的啊，选简单复杂模型会从里面选吗
cfg enabled: True
classify result: complex
current model: deepseek-v4-pro, list_key: complex_models, model_list: ['deepseek-v4-pro']
providers keys: ['deepseek-chat', 'qwen3.7-flash', 'deepseek-v4-pro', 'qwen3.7-plus']
prices keys: ['deepseek-chat', 'deepseek-v4-pro', 'qwen3.7-plus']
SKIP deepseek-v4-pro: same as current
candidates count: 0
FALLBACK: no candidates
=== on_llm_execution ENTER ===
request type: dict
context keys: ['original_request', 'task_id', 'turn_id', 'api_request_id', 'session_id', 'platform', 'model', 'provider', 'base_url', 'api_mode', 'api_call_count', 'middleware_trace', 'telemetry_schema_version', 'middleware_schema_version']
messages count: 57
last message: custom_providers是你帮我加的还是我配置api的时候自动加的
cfg enabled: True
classify result: simple
current model: deepseek-v4-pro, list_key: simple_models, model_list: ['deepseek-chat']
providers keys: ['deepseek-chat', 'qwen3.7-flash', 'deepseek-v4-pro', 'qwen3.7-plus']
prices keys: ['deepseek-chat', 'deepseek-v4-pro', 'qwen3.7-plus']
CANDIDATE deepseek-chat price=0.14
candidates count: 1
trying candidates: ['deepseek-chat']
--- try #1: deepseek-chat ---
SUCCESS! model=deepseek-v4-flash choices=1
=== on_llm_execution ENTER ===
request type: dict
context keys: ['original_request', 'task_id', 'turn_id', 'api_request_id', 'session_id', 'platform', 'model', 'provider', 'base_url', 'api_mode', 'api_call_count', 'middleware_trace', 'telemetry_schema_version', 'middleware_schema_version']
messages count: 59
last message: {"success": true, "mode": "discover", "query": "custom_providers MaaS qwen 配置", "results": [{"session_id": "20260731_164509_70de0b", "when": "July 31, 2026 at 04:46 PM", "source": "cli", "model": "dee
cfg enabled: True
classify result: simple
current model: deepseek-v4-pro, list_key: simple_models, model_list: ['deepseek-chat']
providers keys: ['deepseek-chat', 'qwen3.7-flash', 'deepseek-v4-pro', 'qwen3.7-plus']
prices keys: ['deepseek-chat', 'deepseek-v4-pro', 'qwen3.7-plus']
CANDIDATE deepseek-chat price=0.14
candidates count: 1
trying candidates: ['deepseek-chat']
--- try #1: deepseek-chat ---
SUCCESS! model=deepseek-v4-flash choices=1
=== on_llm_execution ENTER ===
request type: dict
context keys: ['original_request', 'task_id', 'turn_id', 'api_request_id', 'session_id', 'platform', 'model', 'provider', 'base_url', 'api_mode', 'api_call_count', 'middleware_trace', 'telemetry_schema_version', 'middleware_schema_version']
messages count: 61
last message: {"success": true, "mode": "discover", "query": "custom_providers 添加 setup qwen MaaS api_key", "results": [{"session_id": "20260731_164509_70de0b", "when": "July 31, 2026 at 04:46 PM", "source": "cli",
cfg enabled: True
classify result: simple
current model: deepseek-v4-pro, list_key: simple_models, model_list: ['deepseek-chat']
providers keys: ['deepseek-chat', 'qwen3.7-flash', 'deepseek-v4-pro', 'qwen3.7-plus']
prices keys: ['deepseek-chat', 'deepseek-v4-pro', 'qwen3.7-plus']
CANDIDATE deepseek-chat price=0.14
candidates count: 1
trying candidates: ['deepseek-chat']
--- try #1: deepseek-chat ---
SUCCESS! model=deepseek-v4-flash choices=1
=== on_llm_execution ENTER ===
request type: dict
context keys: ['original_request', 'task_id', 'turn_id', 'api_request_id', 'session_id', 'platform', 'model', 'provider', 'base_url', 'api_mode', 'api_call_count', 'middleware_trace', 'telemetry_schema_version', 'middleware_schema_version']
messages count: 208
last message: 我现在还是半信半疑的状态，唯一能让我相信的就是cli界面显示 ⚕ deepseek-v4-pro │ 138K/1M │ [█░░░░░░░░░] 14% │ 1h 2m │ ⏲ 5s │ ✓ 11m 
或者显示 ⚕ deepseek-v4-flash │ 138K/1M │ [█░░░░░░░░░] 14% │ 1h 2m │ ⏲ 5s │ ✓ 11m
cfg enabled: True
classify result: complex
current model: deepseek-v4-pro, list_key: complex_models, model_list: ['deepseek-v4-pro']
providers keys: ['deepseek-chat', 'qwen3.7-flash', 'deepseek-v4-pro', 'qwen3.7-plus']
prices keys: ['deepseek-chat', 'deepseek-v4-pro', 'qwen3.7-plus']
SKIP deepseek-v4-pro: same as current
candidates count: 0
FALLBACK: no candidates
=== on_llm_execution ENTER ===
request type: dict
context keys: ['original_request', 'task_id', 'turn_id', 'api_request_id', 'session_id', 'platform', 'model', 'provider', 'base_url', 'api_mode', 'api_call_count', 'middleware_trace', 'telemetry_schema_version', 'middleware_schema_version']
messages count: 211
last message: {"content": "1510|                api_duration = time.time() - api_start_time\n1511|                \n1512|                # Stop thinking spinner silently -- the response box or tool\n1513|          
cfg enabled: True
classify result: complex
current model: deepseek-v4-pro, list_key: complex_models, model_list: ['deepseek-v4-pro']
providers keys: ['deepseek-chat', 'qwen3.7-flash', 'deepseek-v4-pro', 'qwen3.7-plus']
prices keys: ['deepseek-chat', 'deepseek-v4-pro', 'qwen3.7-plus']
SKIP deepseek-v4-pro: same as current
candidates count: 0
FALLBACK: no candidates
=== on_llm_execution ENTER ===
request type: dict
context keys: ['original_request', 'task_id', 'turn_id', 'api_request_id', 'session_id', 'platform', 'model', 'provider', 'base_url', 'api_mode', 'api_call_count', 'middleware_trace', 'telemetry_schema_version', 'middleware_schema_version']
messages count: 63
last message: Review the conversation above and update two things:

**Memory**: who the user is. Did the user reveal persona, desires, preferences, personal details, or expectations about how you should behave? Sav
cfg enabled: True
classify result: simple
current model: deepseek-v4-pro, list_key: simple_models, model_list: ['deepseek-chat']
providers keys: ['deepseek-chat', 'qwen3.7-flash', 'deepseek-v4-pro', 'qwen3.7-plus']
prices keys: ['deepseek-chat', 'deepseek-v4-pro', 'qwen3.7-plus']
CANDIDATE deepseek-chat price=0.14
candidates count: 1
trying candidates: ['deepseek-chat']
--- try #1: deepseek-chat ---
=== on_llm_execution ENTER ===
request type: dict
context keys: ['original_request', 'task_id', 'turn_id', 'api_request_id', 'session_id', 'platform', 'model', 'provider', 'base_url', 'api_mode', 'api_call_count', 'middleware_trace', 'telemetry_schema_version', 'middleware_schema_version']
messages count: 213
last message: {"total_count": 0}
cfg enabled: True
classify result: complex
current model: deepseek-v4-pro, list_key: complex_models, model_list: ['deepseek-v4-pro']
providers keys: ['deepseek-chat', 'qwen3.7-flash', 'deepseek-v4-pro', 'qwen3.7-plus']
prices keys: ['deepseek-chat', 'deepseek-v4-pro', 'qwen3.7-plus']
SKIP deepseek-v4-pro: same as current
candidates count: 0
FALLBACK: no candidates
=== on_llm_execution ENTER ===
request type: dict
context keys: ['original_request', 'task_id', 'turn_id', 'api_request_id', 'session_id', 'platform', 'model', 'provider', 'base_url', 'api_mode', 'api_call_count', 'middleware_trace', 'telemetry_schema_version', 'middleware_schema_version']
messages count: 215
last message: {"total_count": 0}
cfg enabled: True
classify result: complex
current model: deepseek-v4-pro, list_key: complex_models, model_list: ['deepseek-v4-pro']
providers keys: ['deepseek-chat', 'qwen3.7-flash', 'deepseek-v4-pro', 'qwen3.7-plus']
prices keys: ['deepseek-chat', 'deepseek-v4-pro', 'qwen3.7-plus']
SKIP deepseek-v4-pro: same as current
candidates count: 0
FALLBACK: no candidates
=== on_llm_execution ENTER ===
request type: dict
context keys: ['original_request', 'task_id', 'turn_id', 'api_request_id', 'session_id', 'platform', 'model', 'provider', 'base_url', 'api_mode', 'api_call_count', 'middleware_trace', 'telemetry_schema_version', 'middleware_schema_version']
messages count: 217
last message: {"total_count": 0}
cfg enabled: True
classify result: complex
current model: deepseek-v4-pro, list_key: complex_models, model_list: ['deepseek-v4-pro']
providers keys: ['deepseek-chat', 'qwen3.7-flash', 'deepseek-v4-pro', 'qwen3.7-plus']
prices keys: ['deepseek-chat', 'deepseek-v4-pro', 'qwen3.7-plus']
SKIP deepseek-v4-pro: same as current
candidates count: 0
FALLBACK: no candidates
SUCCESS! model=deepseek-v4-flash choices=1
=== on_llm_execution ENTER ===
request type: dict
context keys: ['original_request', 'task_id', 'turn_id', 'api_request_id', 'session_id', 'platform', 'model', 'provider', 'base_url', 'api_mode', 'api_call_count', 'middleware_trace', 'telemetry_schema_version', 'middleware_schema_version']
messages count: 65
last message: {"success": true, "name": "hermes-plugin-development", "description": "开发 Hermes Agent 插件——从零搭建、discovery 链路、middleware 注册。", "tags": ["hermes", "plugin", "middleware", "development"], "related_skills
cfg enabled: True
classify result: simple
current model: deepseek-v4-pro, list_key: simple_models, model_list: ['deepseek-chat']
providers keys: ['deepseek-chat', 'qwen3.7-flash', 'deepseek-v4-pro', 'qwen3.7-plus']
prices keys: ['deepseek-chat', 'deepseek-v4-pro', 'qwen3.7-plus']
CANDIDATE deepseek-chat price=0.14
candidates count: 1
trying candidates: ['deepseek-chat']
--- try #1: deepseek-chat ---
=== on_llm_execution ENTER ===
request type: dict
context keys: ['original_request', 'task_id', 'turn_id', 'api_request_id', 'session_id', 'platform', 'model', 'provider', 'base_url', 'api_mode', 'api_call_count', 'middleware_trace', 'telemetry_schema_version', 'middleware_schema_version']
messages count: 219
last message: {"total_count": 0}
cfg enabled: True
classify result: complex
current model: deepseek-v4-pro, list_key: complex_models, model_list: ['deepseek-v4-pro']
providers keys: ['deepseek-chat', 'qwen3.7-flash', 'deepseek-v4-pro', 'qwen3.7-plus']
prices keys: ['deepseek-chat', 'deepseek-v4-pro', 'qwen3.7-plus']
SKIP deepseek-v4-pro: same as current
candidates count: 0
FALLBACK: no candidates
=== on_llm_execution ENTER ===
request type: dict
context keys: ['original_request', 'task_id', 'turn_id', 'api_request_id', 'session_id', 'platform', 'model', 'provider', 'base_url', 'api_mode', 'api_call_count', 'middleware_trace', 'telemetry_schema_version', 'middleware_schema_version']
messages count: 221
last message: {"total_count": 0}
cfg enabled: True
classify result: complex
current model: deepseek-v4-pro, list_key: complex_models, model_list: ['deepseek-v4-pro']
providers keys: ['deepseek-chat', 'qwen3.7-flash', 'deepseek-v4-pro', 'qwen3.7-plus']
prices keys: ['deepseek-chat', 'deepseek-v4-pro', 'qwen3.7-plus']
SKIP deepseek-v4-pro: same as current
candidates count: 0
FALLBACK: no candidates
=== on_llm_execution ENTER ===
request type: dict
context keys: ['original_request', 'task_id', 'turn_id', 'api_request_id', 'session_id', 'platform', 'model', 'provider', 'base_url', 'api_mode', 'api_call_count', 'middleware_trace', 'telemetry_schema_version', 'middleware_schema_version']
messages count: 223
last message: {"output": "hermes_cli/auth.py:664:                logger.debug(\"Z.AI endpoint probe: %s model=%s returned %s\", ep_id, model, resp.status_code)\nhermes_cli/auth.py:5267:        description = f\"/mod
cfg enabled: True
classify result: complex
current model: deepseek-v4-pro, list_key: complex_models, model_list: ['deepseek-v4-pro']
providers keys: ['deepseek-chat', 'qwen3.7-flash', 'deepseek-v4-pro', 'qwen3.7-plus']
prices keys: ['deepseek-chat', 'deepseek-v4-pro', 'qwen3.7-plus']
SKIP deepseek-v4-pro: same as current
candidates count: 0
FALLBACK: no candidates
=== on_llm_execution ENTER ===
request type: dict
context keys: ['original_request', 'task_id', 'turn_id', 'api_request_id', 'session_id', 'platform', 'model', 'provider', 'base_url', 'api_mode', 'api_call_count', 'middleware_trace', 'telemetry_schema_version', 'middleware_schema_version']
messages count: 225
last message: {"content": "660|        preset_name = model\n661|        agg_label = \"\"\n662|        try:\n663|            from hermes_cli.config import load_config\n664|            from hermes_cli.moa_config impo
cfg enabled: True
classify result: complex
current model: deepseek-v4-pro, list_key: complex_models, model_list: ['deepseek-v4-pro']
providers keys: ['deepseek-chat', 'qwen3.7-flash', 'deepseek-v4-pro', 'qwen3.7-plus']
prices keys: ['deepseek-chat', 'deepseek-v4-pro', 'qwen3.7-plus']
SKIP deepseek-v4-pro: same as current
candidates count: 0
FALLBACK: no candidates
=== on_llm_execution ENTER ===
request type: dict
context keys: ['original_request', 'task_id', 'turn_id', 'api_request_id', 'session_id', 'platform', 'model', 'provider', 'base_url', 'api_mode', 'api_call_count', 'middleware_trace', 'telemetry_schema_version', 'middleware_schema_version']
messages count: 227
last message: {"total_count": 0}
cfg enabled: True
classify result: complex
current model: deepseek-v4-pro, list_key: complex_models, model_list: ['deepseek-v4-pro']
providers keys: ['deepseek-chat', 'qwen3.7-flash', 'deepseek-v4-pro', 'qwen3.7-plus']
prices keys: ['deepseek-chat', 'deepseek-v4-pro', 'qwen3.7-plus']
SKIP deepseek-v4-pro: same as current
candidates count: 0
FALLBACK: no candidates
SUCCESS! model=deepseek-v4-flash choices=1
=== on_llm_execution ENTER ===
request type: dict
context keys: ['original_request', 'task_id', 'turn_id', 'api_request_id', 'session_id', 'platform', 'model', 'provider', 'base_url', 'api_mode', 'api_call_count', 'middleware_trace', 'telemetry_schema_version', 'middleware_schema_version']
messages count: 67
last message: {"success": false, "error": "Operation 1 (replace): no entry matched 'Smart-router 插件（~/.hermes/plugins/smart-router/）：llm_execution middleware 按复杂度+价格路由（classify → prices.yaml 排序 → 逐个试建 OpenAI 客户端，全失
cfg enabled: True
classify result: simple
current model: deepseek-v4-pro, list_key: simple_models, model_list: ['deepseek-chat']
providers keys: ['deepseek-chat', 'qwen3.7-flash', 'deepseek-v4-pro', 'qwen3.7-plus']
prices keys: ['deepseek-chat', 'deepseek-v4-pro', 'qwen3.7-plus']
CANDIDATE deepseek-chat price=0.14
candidates count: 1
trying candidates: ['deepseek-chat']
--- try #1: deepseek-chat ---
=== on_llm_execution ENTER ===
request type: dict
context keys: ['original_request', 'task_id', 'turn_id', 'api_request_id', 'session_id', 'platform', 'model', 'provider', 'base_url', 'api_mode', 'api_call_count', 'middleware_trace', 'telemetry_schema_version', 'middleware_schema_version']
messages count: 229
last message: {"total_count": 0}
cfg enabled: True
classify result: complex
current model: deepseek-v4-pro, list_key: complex_models, model_list: ['deepseek-v4-pro']
providers keys: ['deepseek-chat', 'qwen3.7-flash', 'deepseek-v4-pro', 'qwen3.7-plus']
prices keys: ['deepseek-chat', 'deepseek-v4-pro', 'qwen3.7-plus']
SKIP deepseek-v4-pro: same as current
candidates count: 0
FALLBACK: no candidates
=== on_llm_execution ENTER ===
request type: dict
context keys: ['original_request', 'task_id', 'turn_id', 'api_request_id', 'session_id', 'platform', 'model', 'provider', 'base_url', 'api_mode', 'api_call_count', 'middleware_trace', 'telemetry_schema_version', 'middleware_schema_version']
messages count: 231
last message: {"output": "agent/conversation_loop.py:54:from agent.model_metadata import (\nagent/conversation_loop.py:394:            model=agent.model,\nagent/conversation_loop.py:941:                agent._sanit
cfg enabled: True
classify result: complex
current model: deepseek-v4-pro, list_key: complex_models, model_list: ['deepseek-v4-pro']
providers keys: ['deepseek-chat', 'qwen3.7-flash', 'deepseek-v4-pro', 'qwen3.7-plus']
prices keys: ['deepseek-chat', 'deepseek-v4-pro', 'qwen3.7-plus']
SKIP deepseek-v4-pro: same as current
candidates count: 0
FALLBACK: no candidates
SUCCESS! model=deepseek-v4-flash choices=1
=== on_llm_execution ENTER ===
request type: dict
context keys: ['original_request', 'task_id', 'turn_id', 'api_request_id', 'session_id', 'platform', 'model', 'provider', 'base_url', 'api_mode', 'api_call_count', 'middleware_trace', 'telemetry_schema_version', 'middleware_schema_version']
messages count: 69
last message: {"success": true, "done": true, "target": "memory", "usage": "64% — 1,415/2,200 chars", "entry_count": 8, "message": "Entry replaced.", "note": "Write saved. This update is complete — do not repeat it
cfg enabled: True
classify result: simple
current model: deepseek-v4-pro, list_key: simple_models, model_list: ['deepseek-chat']
providers keys: ['deepseek-chat', 'qwen3.7-flash', 'deepseek-v4-pro', 'qwen3.7-plus']
prices keys: ['deepseek-chat', 'deepseek-v4-pro', 'qwen3.7-plus']
CANDIDATE deepseek-chat price=0.14
candidates count: 1
trying candidates: ['deepseek-chat']
--- try #1: deepseek-chat ---
=== on_llm_execution ENTER ===
request type: dict
context keys: ['original_request', 'task_id', 'turn_id', 'api_request_id', 'session_id', 'platform', 'model', 'provider', 'base_url', 'api_mode', 'api_call_count', 'middleware_trace', 'telemetry_schema_version', 'middleware_schema_version']
messages count: 233
last message: {"output": "agent/conversation_loop.py:135:def _ollama_context_limit_error(agent: Any, request_tokens: int) -> Optional[str]:\nagent/conversation_loop.py:1096:        _runtime_context_error = _ollama_
cfg enabled: True
classify result: complex
current model: deepseek-v4-pro, list_key: complex_models, model_list: ['deepseek-v4-pro']
providers keys: ['deepseek-chat', 'qwen3.7-flash', 'deepseek-v4-pro', 'qwen3.7-plus']
prices keys: ['deepseek-chat', 'deepseek-v4-pro', 'qwen3.7-plus']
SKIP deepseek-v4-pro: same as current
candidates count: 0
FALLBACK: no candidates
SUCCESS! model=deepseek-v4-flash choices=1
=== on_llm_execution ENTER ===
request type: dict
context keys: ['original_request', 'task_id', 'turn_id', 'api_request_id', 'session_id', 'platform', 'model', 'provider', 'base_url', 'api_mode', 'api_call_count', 'middleware_trace', 'telemetry_schema_version', 'middleware_schema_version']
messages count: 71
last message: {"success": true, "message": "Patched SKILL.md in skill 'hermes-plugin-development' (1 replacement).", "_change": {"old": "  4. debug.log 只能当旁证（比如看 fallback 链路是否走了），不能当唯一证据。", "new": "  4. debug.log 只
cfg enabled: True
classify result: simple
current model: deepseek-v4-pro, list_key: simple_models, model_list: ['deepseek-chat']
providers keys: ['deepseek-chat', 'qwen3.7-flash', 'deepseek-v4-pro', 'qwen3.7-plus']
prices keys: ['deepseek-chat', 'deepseek-v4-pro', 'qwen3.7-plus']
CANDIDATE deepseek-chat price=0.14
candidates count: 1
trying candidates: ['deepseek-chat']
--- try #1: deepseek-chat ---
=== on_llm_execution ENTER ===
request type: dict
context keys: ['original_request', 'task_id', 'turn_id', 'api_request_id', 'session_id', 'platform', 'model', 'provider', 'base_url', 'api_mode', 'api_call_count', 'middleware_trace', 'telemetry_schema_version', 'middleware_schema_version']
messages count: 235
last message: {"output": "", "exit_code": 0, "error": null}
cfg enabled: True
classify result: complex
current model: deepseek-v4-pro, list_key: complex_models, model_list: ['deepseek-v4-pro']
providers keys: ['deepseek-chat', 'qwen3.7-flash', 'deepseek-v4-pro', 'qwen3.7-plus']
prices keys: ['deepseek-chat', 'deepseek-v4-pro', 'qwen3.7-plus']
SKIP deepseek-v4-pro: same as current
candidates count: 0
FALLBACK: no candidates
SUCCESS! model=deepseek-v4-flash choices=1
=== on_llm_execution ENTER ===
request type: dict
context keys: ['original_request', 'task_id', 'turn_id', 'api_request_id', 'session_id', 'platform', 'model', 'provider', 'base_url', 'api_mode', 'api_call_count', 'middleware_trace', 'telemetry_schema_version', 'middleware_schema_version']
messages count: 237
last message: {"output": "agent/codex_runtime.py:126:            context_window = getattr(turn, \"model_context_window\", None)\nagent/transports/codex_app_server_session.py:77:    model_context_window: Optional[in
cfg enabled: True
classify result: complex
current model: deepseek-v4-pro, list_key: complex_models, model_list: ['deepseek-v4-pro']
providers keys: ['deepseek-chat', 'qwen3.7-flash', 'deepseek-v4-pro', 'qwen3.7-plus']
prices keys: ['deepseek-chat', 'deepseek-v4-pro', 'qwen3.7-plus']
SKIP deepseek-v4-pro: same as current
candidates count: 0
FALLBACK: no candidates
=== on_llm_execution ENTER ===
request type: dict
context keys: ['original_request', 'task_id', 'turn_id', 'api_request_id', 'session_id', 'platform', 'model', 'provider', 'base_url', 'api_mode', 'api_call_count', 'middleware_trace', 'telemetry_schema_version', 'middleware_schema_version']
messages count: 239
last message: {"total_count": 0}
cfg enabled: True
classify result: complex
current model: deepseek-v4-pro, list_key: complex_models, model_list: ['deepseek-v4-pro']
providers keys: ['deepseek-chat', 'qwen3.7-flash', 'deepseek-v4-pro', 'qwen3.7-plus']
prices keys: ['deepseek-chat', 'deepseek-v4-pro', 'qwen3.7-plus']
SKIP deepseek-v4-pro: same as current
candidates count: 0
FALLBACK: no candidates
=== on_llm_execution ENTER ===
request type: dict
context keys: ['original_request', 'task_id', 'turn_id', 'api_request_id', 'session_id', 'platform', 'model', 'provider', 'base_url', 'api_mode', 'api_call_count', 'middleware_trace', 'telemetry_schema_version', 'middleware_schema_version']
messages count: 241
last message: {"output": "4162:        self._command_status = \"\"\n4199:        # Status bar visibility (toggled via /statusbar)\n4200:        self._status_bar_visible = True\n4209:        self._status_bar_suppres
cfg enabled: True
classify result: complex
current model: deepseek-v4-pro, list_key: complex_models, model_list: ['deepseek-v4-pro']
providers keys: ['deepseek-chat', 'qwen3.7-flash', 'deepseek-v4-pro', 'qwen3.7-plus']
prices keys: ['deepseek-chat', 'deepseek-v4-pro', 'qwen3.7-plus']
SKIP deepseek-v4-pro: same as current
candidates count: 0
FALLBACK: no candidates
=== on_llm_execution ENTER ===
request type: dict
context keys: ['original_request', 'task_id', 'turn_id', 'api_request_id', 'session_id', 'platform', 'model', 'provider', 'base_url', 'api_mode', 'api_call_count', 'middleware_trace', 'telemetry_schema_version', 'middleware_schema_version']
messages count: 243
last message: {"content": "4690|        idle = max(0.0, time.time() - last_finished_at)\n4691|        return f\"✓ {format_duration_compact(idle)}\"\n4692|\n4693|    def _get_status_bar_snapshot(self) -> Dict[str, A
cfg enabled: True
classify result: complex
current model: deepseek-v4-pro, list_key: complex_models, model_list: ['deepseek-v4-pro']
providers keys: ['deepseek-chat', 'qwen3.7-flash', 'deepseek-v4-pro', 'qwen3.7-plus']
prices keys: ['deepseek-chat', 'deepseek-v4-pro', 'qwen3.7-plus']
SKIP deepseek-v4-pro: same as current
candidates count: 0
FALLBACK: no candidates
=== on_llm_execution ENTER ===
request type: dict
context keys: ['original_request', 'task_id', 'turn_id', 'api_request_id', 'session_id', 'platform', 'model', 'provider', 'base_url', 'api_mode', 'api_call_count', 'middleware_trace', 'telemetry_schema_version', 'middleware_schema_version']
messages count: 245
last message: {"content": "4693|    def _get_status_bar_snapshot(self) -> Dict[str, Any]:\n4694|        # Prefer the agent's model name — it updates on fallback.\n4695|        # self.model reflects the originally c
cfg enabled: True
classify result: complex
current model: deepseek-v4-pro, list_key: complex_models, model_list: ['deepseek-v4-pro']
providers keys: ['deepseek-chat', 'qwen3.7-flash', 'deepseek-v4-pro', 'qwen3.7-plus']
prices keys: ['deepseek-chat', 'deepseek-v4-pro', 'qwen3.7-plus']
SKIP deepseek-v4-pro: same as current
candidates count: 0
FALLBACK: no candidates
=== on_llm_execution ENTER ===
request type: dict
context keys: ['original_request', 'task_id', 'turn_id', 'api_request_id', 'session_id', 'platform', 'model', 'provider', 'base_url', 'api_mode', 'api_call_count', 'middleware_trace', 'telemetry_schema_version', 'middleware_schema_version']
messages count: 247
last message: {"total_count": 0}
cfg enabled: True
classify result: complex
current model: deepseek-v4-pro, list_key: complex_models, model_list: ['deepseek-v4-pro']
providers keys: ['deepseek-chat', 'qwen3.7-flash', 'deepseek-v4-pro', 'qwen3.7-plus']
prices keys: ['deepseek-chat', 'deepseek-v4-pro', 'qwen3.7-plus']
SKIP deepseek-v4-pro: same as current
candidates count: 0
FALLBACK: no candidates
=== on_llm_execution ENTER ===
request type: dict
context keys: ['original_request', 'task_id', 'turn_id', 'api_request_id', 'session_id', 'platform', 'model', 'provider', 'base_url', 'api_mode', 'api_call_count', 'middleware_trace', 'telemetry_schema_version', 'middleware_schema_version']
messages count: 249
last message: {"output": "", "exit_code": 0, "error": null}
cfg enabled: True
classify result: complex
current model: deepseek-v4-pro, list_key: complex_models, model_list: ['deepseek-v4-pro']
providers keys: ['deepseek-chat', 'qwen3.7-flash', 'deepseek-v4-pro', 'qwen3.7-plus']
prices keys: ['deepseek-chat', 'deepseek-v4-pro', 'qwen3.7-plus']
SKIP deepseek-v4-pro: same as current
candidates count: 0
FALLBACK: no candidates
=== on_llm_execution ENTER ===
request type: dict
context keys: ['original_request', 'task_id', 'turn_id', 'api_request_id', 'session_id', 'platform', 'model', 'provider', 'base_url', 'api_mode', 'api_call_count', 'middleware_trace', 'telemetry_schema_version', 'middleware_schema_version']
messages count: 251
last message: {"output": "152:from agent.model_metadata import (\n617:                model=self.model,\n786:            from agent.model_metadata import MINIMUM_CONTEXT_LENGTH\n787:            from hermes_cli.mode
cfg enabled: True
classify result: complex
current model: deepseek-v4-pro, list_key: complex_models, model_list: ['deepseek-v4-pro']
providers keys: ['deepseek-chat', 'qwen3.7-flash', 'deepseek-v4-pro', 'qwen3.7-plus']
prices keys: ['deepseek-chat', 'deepseek-v4-pro', 'qwen3.7-plus']
SKIP deepseek-v4-pro: same as current
candidates count: 0
FALLBACK: no candidates
=== on_llm_execution ENTER ===
request type: dict
context keys: ['original_request', 'task_id', 'turn_id', 'api_request_id', 'session_id', 'platform', 'model', 'provider', 'base_url', 'api_mode', 'api_call_count', 'middleware_trace', 'telemetry_schema_version', 'middleware_schema_version']
messages count: 253
last message: {"output": "617:                model=self.model,\n792:                self.model, self.base_url, getattr(self, \"api_key\", \"\"), target_ctx,\n802:                        model=self.model,\n1273:   
cfg enabled: True
classify result: complex
current model: deepseek-v4-pro, list_key: complex_models, model_list: ['deepseek-v4-pro']
providers keys: ['deepseek-chat', 'qwen3.7-flash', 'deepseek-v4-pro', 'qwen3.7-plus']
prices keys: ['deepseek-chat', 'deepseek-v4-pro', 'qwen3.7-plus']
SKIP deepseek-v4-pro: same as current
candidates count: 0
FALLBACK: no candidates
=== on_llm_execution ENTER ===
request type: dict
context keys: ['original_request', 'task_id', 'turn_id', 'api_request_id', 'session_id', 'platform', 'model', 'provider', 'base_url', 'api_mode', 'api_call_count', 'middleware_trace', 'telemetry_schema_version', 'middleware_schema_version']
messages count: 255
last message: {"output": "", "exit_code": 1, "error": null}
cfg enabled: True
classify result: complex
current model: deepseek-v4-pro, list_key: complex_models, model_list: ['deepseek-v4-pro']
providers keys: ['deepseek-chat', 'qwen3.7-flash', 'deepseek-v4-pro', 'qwen3.7-plus']
prices keys: ['deepseek-chat', 'deepseek-v4-pro', 'qwen3.7-plus']
SKIP deepseek-v4-pro: same as current
candidates count: 0
FALLBACK: no candidates
=== on_llm_execution ENTER ===
request type: dict
context keys: ['original_request', 'task_id', 'turn_id', 'api_request_id', 'session_id', 'platform', 'model', 'provider', 'base_url', 'api_mode', 'api_call_count', 'middleware_trace', 'telemetry_schema_version', 'middleware_schema_version']
messages count: 257
last message: {"output": "", "exit_code": 0, "error": null}
cfg enabled: True
classify result: complex
current model: deepseek-v4-pro, list_key: complex_models, model_list: ['deepseek-v4-pro']
providers keys: ['deepseek-chat', 'qwen3.7-flash', 'deepseek-v4-pro', 'qwen3.7-plus']
prices keys: ['deepseek-chat', 'deepseek-v4-pro', 'qwen3.7-plus']
SKIP deepseek-v4-pro: same as current
candidates count: 0
FALLBACK: no candidates
=== on_llm_execution ENTER ===
request type: dict
context keys: ['original_request', 'task_id', 'turn_id', 'api_request_id', 'session_id', 'platform', 'model', 'provider', 'base_url', 'api_mode', 'api_call_count', 'middleware_trace', 'telemetry_schema_version', 'middleware_schema_version']
messages count: 259
last message: {"output": "400:class AIAgent:", "exit_code": 0, "error": null}
cfg enabled: True
classify result: complex
current model: deepseek-v4-pro, list_key: complex_models, model_list: ['deepseek-v4-pro']
providers keys: ['deepseek-chat', 'qwen3.7-flash', 'deepseek-v4-pro', 'qwen3.7-plus']
prices keys: ['deepseek-chat', 'deepseek-v4-pro', 'qwen3.7-plus']
SKIP deepseek-v4-pro: same as current
candidates count: 0
FALLBACK: no candidates
=== on_llm_execution ENTER ===
request type: dict
context keys: ['original_request', 'task_id', 'turn_id', 'api_request_id', 'session_id', 'platform', 'model', 'provider', 'base_url', 'api_mode', 'api_call_count', 'middleware_trace', 'telemetry_schema_version', 'middleware_schema_version']
messages count: 261
last message: {"content": "400|class AIAgent:\n401|    \"\"\"\n402|    AI Agent with tool calling capabilities.\n403|\n404|    This class manages the conversation flow, tool execution, and response handling\n405|  
cfg enabled: True
classify result: complex
current model: deepseek-v4-pro, list_key: complex_models, model_list: ['deepseek-v4-pro']
providers keys: ['deepseek-chat', 'qwen3.7-flash', 'deepseek-v4-pro', 'qwen3.7-plus']
prices keys: ['deepseek-chat', 'deepseek-v4-pro', 'qwen3.7-plus']
SKIP deepseek-v4-pro: same as current
candidates count: 0
FALLBACK: no candidates
=== on_llm_execution ENTER ===
request type: dict
context keys: ['original_request', 'task_id', 'turn_id', 'api_request_id', 'session_id', 'platform', 'model', 'provider', 'base_url', 'api_mode', 'api_call_count', 'middleware_trace', 'telemetry_schema_version', 'middleware_schema_version']
messages count: 263
last message: {"output": "19:    agent = AIAgent(base_url=\"http://localhost:30000/v1\", model=\"claude-opus-4-20250514\")\n509:            model=model,\n565:            fallback_model=fallback_model,\n617:        
cfg enabled: True
classify result: complex
current model: deepseek-v4-pro, list_key: complex_models, model_list: ['deepseek-v4-pro']
providers keys: ['deepseek-chat', 'qwen3.7-flash', 'deepseek-v4-pro', 'qwen3.7-plus']
prices keys: ['deepseek-chat', 'deepseek-v4-pro', 'qwen3.7-plus']
SKIP deepseek-v4-pro: same as current
candidates count: 0
FALLBACK: no candidates
=== on_llm_execution ENTER ===
request type: dict
context keys: ['original_request', 'task_id', 'turn_id', 'api_request_id', 'session_id', 'platform', 'model', 'provider', 'base_url', 'api_mode', 'api_call_count', 'middleware_trace', 'telemetry_schema_version', 'middleware_schema_version']
messages count: 265
last message: {"content": "500|            self,\n501|            base_url=base_url,\n502|            api_key=api_key,\n503|            provider=provider,\n504|            api_mode=api_mode,\n505|            acp_co
cfg enabled: True
classify result: complex
current model: deepseek-v4-pro, list_key: complex_models, model_list: ['deepseek-v4-pro']
providers keys: ['deepseek-chat', 'qwen3.7-flash', 'deepseek-v4-pro', 'qwen3.7-plus']
prices keys: ['deepseek-chat', 'deepseek-v4-pro', 'qwen3.7-plus']
SKIP deepseek-v4-pro: same as current
candidates count: 0
FALLBACK: no candidates
=== on_llm_execution ENTER ===
request type: dict
context keys: ['original_request', 'task_id', 'turn_id', 'api_request_id', 'session_id', 'platform', 'model', 'provider', 'base_url', 'api_mode', 'api_call_count', 'middleware_trace', 'telemetry_schema_version', 'middleware_schema_version']
messages count: 267
last message: {"output": "617:                model=self.model,\n792:                self.model, self.base_url, getattr(self, \"api_key\", \"\"), target_ctx,\n802:                        model=self.model,\n1273:   
cfg enabled: True
classify result: complex
current model: deepseek-v4-pro, list_key: complex_models, model_list: ['deepseek-v4-pro']
providers keys: ['deepseek-chat', 'qwen3.7-flash', 'deepseek-v4-pro', 'qwen3.7-plus']
prices keys: ['deepseek-chat', 'deepseek-v4-pro', 'qwen3.7-plus']
SKIP deepseek-v4-pro: same as current
candidates count: 0
FALLBACK: no candidates
=== on_llm_execution ENTER ===
request type: dict
context keys: ['original_request', 'task_id', 'turn_id', 'api_request_id', 'session_id', 'platform', 'model', 'provider', 'base_url', 'api_mode', 'api_call_count', 'middleware_trace', 'telemetry_schema_version', 'middleware_schema_version']
messages count: 269
last message: {"output": "", "exit_code": 0, "error": null}
cfg enabled: True
classify result: complex
current model: deepseek-v4-pro, list_key: complex_models, model_list: ['deepseek-v4-pro']
providers keys: ['deepseek-chat', 'qwen3.7-flash', 'deepseek-v4-pro', 'qwen3.7-plus']
prices keys: ['deepseek-chat', 'deepseek-v4-pro', 'qwen3.7-plus']
SKIP deepseek-v4-pro: same as current
candidates count: 0
FALLBACK: no candidates
=== on_llm_execution ENTER ===
request type: dict
context keys: ['original_request', 'task_id', 'turn_id', 'api_request_id', 'session_id', 'platform', 'model', 'provider', 'base_url', 'api_mode', 'api_call_count', 'middleware_trace', 'telemetry_schema_version', 'middleware_schema_version']
messages count: 271
last message: {"output": "agent/system_prompt.py:515:        timestamp_line += f\"\\nModel: {agent.model}\"\nagent/agent_init.py:535:    agent.model = model\nagent/agent_init.py:639:            agent.model = normal
cfg enabled: True
classify result: complex
current model: deepseek-v4-pro, list_key: complex_models, model_list: ['deepseek-v4-pro']
providers keys: ['deepseek-chat', 'qwen3.7-flash', 'deepseek-v4-pro', 'qwen3.7-plus']
prices keys: ['deepseek-chat', 'deepseek-v4-pro', 'qwen3.7-plus']
SKIP deepseek-v4-pro: same as current
candidates count: 0
FALLBACK: no candidates
=== on_llm_execution ENTER ===
request type: dict
context keys: ['original_request', 'task_id', 'turn_id', 'api_request_id', 'session_id', 'platform', 'model', 'provider', 'base_url', 'api_mode', 'api_call_count', 'middleware_trace', 'telemetry_schema_version', 'middleware_schema_version']
messages count: 273
last message: {"output": "1359:                    _llm_middleware_trace = _llm_request_mw.trace\n1362:                    _llm_middleware_trace = []\n1415:                            middleware_trace=list(_llm_mid
cfg enabled: True
classify result: complex
current model: deepseek-v4-pro, list_key: complex_models, model_list: ['deepseek-v4-pro']
providers keys: ['deepseek-chat', 'qwen3.7-flash', 'deepseek-v4-pro', 'qwen3.7-plus']
prices keys: ['deepseek-chat', 'deepseek-v4-pro', 'qwen3.7-plus']
SKIP deepseek-v4-pro: same as current
candidates count: 0
FALLBACK: no candidates
=== on_llm_execution ENTER ===
request type: dict
context keys: ['original_request', 'task_id', 'turn_id', 'api_request_id', 'session_id', 'platform', 'model', 'provider', 'base_url', 'api_mode', 'api_call_count', 'middleware_trace', 'telemetry_schema_version', 'middleware_schema_version']
messages count: 275
last message: {"success": true, "diff": "--- a//home/linzizhou/Hermes_code/hermes-agent/agent/conversation_loop.py\n+++ b//home/linzizhou/Hermes_code/hermes-agent/agent/conversation_loop.py\n@@ -1516,6 +1516,11 @@\
cfg enabled: True
classify result: complex
current model: deepseek-v4-pro, list_key: complex_models, model_list: ['deepseek-v4-pro']
providers keys: ['deepseek-chat', 'qwen3.7-flash', 'deepseek-v4-pro', 'qwen3.7-plus']
prices keys: ['deepseek-chat', 'deepseek-v4-pro', 'qwen3.7-plus']
SKIP deepseek-v4-pro: same as current
candidates count: 0
FALLBACK: no candidates
=== on_llm_execution ENTER ===
request type: dict
context keys: ['original_request', 'task_id', 'turn_id', 'api_request_id', 'session_id', 'platform', 'model', 'provider', 'base_url', 'api_mode', 'api_call_count', 'middleware_trace', 'telemetry_schema_version', 'middleware_schema_version']
messages count: 277
last message: {"output": "", "exit_code": 0, "error": null, "verification_evidence": {"status": "passed", "kind": "test", "scope": "targeted", "canonical_command": "scripts/run_tests.sh"}}
cfg enabled: True
classify result: complex
current model: deepseek-v4-pro, list_key: complex_models, model_list: ['deepseek-v4-pro']
providers keys: ['deepseek-chat', 'qwen3.7-flash', 'deepseek-v4-pro', 'qwen3.7-plus']
prices keys: ['deepseek-chat', 'deepseek-v4-pro', 'qwen3.7-plus']
SKIP deepseek-v4-pro: same as current
candidates count: 0
FALLBACK: no candidates
=== on_llm_execution ENTER ===
request type: dict
context keys: ['original_request', 'task_id', 'turn_id', 'api_request_id', 'session_id', 'platform', 'model', 'provider', 'base_url', 'api_mode', 'api_call_count', 'middleware_trace', 'telemetry_schema_version', 'middleware_schema_version']
messages count: 279
last message: {"output": "▶ running per-file parallel test suite via run_tests_parallel.py\n  (TZ=UTC LANG=C.UTF-8 PYTHONHASHSEED=0; clean env)\n▶ pre-compiling bytecode cache\n▶ launching test runner\nNo test file
cfg enabled: True
classify result: complex
current model: deepseek-v4-pro, list_key: complex_models, model_list: ['deepseek-v4-pro']
providers keys: ['deepseek-chat', 'qwen3.7-flash', 'deepseek-v4-pro', 'qwen3.7-plus']
prices keys: ['deepseek-chat', 'deepseek-v4-pro', 'qwen3.7-plus']
SKIP deepseek-v4-pro: same as current
candidates count: 0
FALLBACK: no candidates
=== on_llm_execution ENTER ===
request type: dict
context keys: ['original_request', 'task_id', 'turn_id', 'api_request_id', 'session_id', 'platform', 'model', 'provider', 'base_url', 'api_mode', 'api_call_count', 'middleware_trace', 'telemetry_schema_version', 'middleware_schema_version']
messages count: 281
last message: {"output": "tests/run_agent/test_conversation_fallback_state.py", "exit_code": 2, "error": null}
cfg enabled: True
classify result: complex
current model: deepseek-v4-pro, list_key: complex_models, model_list: ['deepseek-v4-pro']
providers keys: ['deepseek-chat', 'qwen3.7-flash', 'deepseek-v4-pro', 'qwen3.7-plus']
prices keys: ['deepseek-chat', 'deepseek-v4-pro', 'qwen3.7-plus']
SKIP deepseek-v4-pro: same as current
candidates count: 0
FALLBACK: no candidates
=== on_llm_execution ENTER ===
request type: dict
context keys: ['original_request', 'task_id', 'turn_id', 'api_request_id', 'session_id', 'platform', 'model', 'provider', 'base_url', 'api_mode', 'api_call_count', 'middleware_trace', 'telemetry_schema_version', 'middleware_schema_version']
messages count: 283
last message: 我去你怎么改的啊，牛逼成功了
cfg enabled: True
classify result: simple
current model: deepseek-v4-pro, list_key: simple_models, model_list: ['deepseek-chat']
providers keys: ['deepseek-chat', 'qwen3.7-flash', 'deepseek-v4-pro', 'qwen3.7-plus']
prices keys: ['deepseek-chat', 'deepseek-v4-pro', 'qwen3.7-plus']
CANDIDATE deepseek-chat price=0.14
candidates count: 1
trying candidates: ['deepseek-chat']
--- try #1: deepseek-chat ---
=== on_llm_execution ENTER ===
request type: dict
context keys: ['original_request', 'task_id', 'turn_id', 'api_request_id', 'session_id', 'platform', 'model', 'provider', 'base_url', 'api_mode', 'api_call_count', 'middleware_trace', 'telemetry_schema_version', 'middleware_schema_version']
messages count: 283
last message: Review the conversation above and update the skill library. Be ACTIVE — most sessions produce at least one skill update, even if small. A pass that does nothing is a missed learning opportunity, not a
cfg enabled: True
classify result: simple
current model: deepseek-v4-pro, list_key: simple_models, model_list: ['deepseek-chat']
providers keys: ['deepseek-chat', 'qwen3.7-flash', 'deepseek-v4-pro', 'qwen3.7-plus']
prices keys: ['deepseek-chat', 'deepseek-v4-pro', 'qwen3.7-plus']
CANDIDATE deepseek-chat price=0.14
candidates count: 1
trying candidates: ['deepseek-chat']
--- try #1: deepseek-chat ---
SUCCESS! model=deepseek-v4-flash choices=1
SUCCESS! model=deepseek-v4-flash choices=1
=== on_llm_execution ENTER ===
request type: dict
context keys: ['original_request', 'task_id', 'turn_id', 'api_request_id', 'session_id', 'platform', 'model', 'provider', 'base_url', 'api_mode', 'api_call_count', 'middleware_trace', 'telemetry_schema_version', 'middleware_schema_version']
messages count: 285
last message: {"success": true, "name": "hermes-internals", "description": "Trace Hermes Agent internal mechanisms — AIAgent lifecycle, background review, model fallback, and self-improvement engines.", "tags": ["h
cfg enabled: True
classify result: simple
current model: deepseek-v4-pro, list_key: simple_models, model_list: ['deepseek-chat']
providers keys: ['deepseek-chat', 'qwen3.7-flash', 'deepseek-v4-pro', 'qwen3.7-plus']
prices keys: ['deepseek-chat', 'deepseek-v4-pro', 'qwen3.7-plus']
CANDIDATE deepseek-chat price=0.14
candidates count: 1
trying candidates: ['deepseek-chat']
--- try #1: deepseek-chat ---
SUCCESS! model=deepseek-v4-flash choices=1
=== on_llm_execution ENTER ===
request type: dict
context keys: ['original_request', 'task_id', 'turn_id', 'api_request_id', 'session_id', 'platform', 'model', 'provider', 'base_url', 'api_mode', 'api_call_count', 'middleware_trace', 'telemetry_schema_version', 'middleware_schema_version']
messages count: 287
last message: {"success": true, "name": "hermes-plugin-middleware", "file": "references/smart-router-architecture.md", "content": "# Smart Router Plugin — Architecture (v2)\n\n## What it does\n\nPer-request dynamic
cfg enabled: True
classify result: simple
current model: deepseek-v4-pro, list_key: simple_models, model_list: ['deepseek-chat']
providers keys: ['deepseek-chat', 'qwen3.7-flash', 'deepseek-v4-pro', 'qwen3.7-plus']
prices keys: ['deepseek-chat', 'deepseek-v4-pro', 'qwen3.7-plus']
CANDIDATE deepseek-chat price=0.14
candidates count: 1
trying candidates: ['deepseek-chat']
--- try #1: deepseek-chat ---
SUCCESS! model=deepseek-v4-flash choices=1
=== on_llm_execution ENTER ===
request type: dict
context keys: ['original_request', 'task_id', 'turn_id', 'api_request_id', 'session_id', 'platform', 'model', 'provider', 'base_url', 'api_mode', 'api_call_count', 'middleware_trace', 'telemetry_schema_version', 'middleware_schema_version']
messages count: 289
last message: {"success": false, "error": "Refusing background curator patch for skill 'hermes-plugin-middleware': the current SKILL.md content has not been loaded in this review turn. Call skill_view(name) for SKI
cfg enabled: True
classify result: simple
current model: deepseek-v4-pro, list_key: simple_models, model_list: ['deepseek-chat']
providers keys: ['deepseek-chat', 'qwen3.7-flash', 'deepseek-v4-pro', 'qwen3.7-plus']
prices keys: ['deepseek-chat', 'deepseek-v4-pro', 'qwen3.7-plus']
CANDIDATE deepseek-chat price=0.14
candidates count: 1
trying candidates: ['deepseek-chat']
--- try #1: deepseek-chat ---
SUCCESS! model=deepseek-v4-flash choices=1
=== on_llm_execution ENTER ===
request type: dict
context keys: ['original_request', 'task_id', 'turn_id', 'api_request_id', 'session_id', 'platform', 'model', 'provider', 'base_url', 'api_mode', 'api_call_count', 'middleware_trace', 'telemetry_schema_version', 'middleware_schema_version']
messages count: 291
last message: {"success": true, "name": "hermes-plugin-middleware", "description": "Trace Hermes plugin system and middleware pipeline.", "tags": ["hermes", "plugin", "middleware", "source-trace"], "related_skills"
cfg enabled: True
classify result: simple
current model: deepseek-v4-pro, list_key: simple_models, model_list: ['deepseek-chat']
providers keys: ['deepseek-chat', 'qwen3.7-flash', 'deepseek-v4-pro', 'qwen3.7-plus']
prices keys: ['deepseek-chat', 'deepseek-v4-pro', 'qwen3.7-plus']
CANDIDATE deepseek-chat price=0.14
candidates count: 1
trying candidates: ['deepseek-chat']
--- try #1: deepseek-chat ---
SUCCESS! model=deepseek-v4-flash choices=1
=== on_llm_execution ENTER ===
request type: dict
context keys: ['original_request', 'task_id', 'turn_id', 'api_request_id', 'session_id', 'platform', 'model', 'provider', 'base_url', 'api_mode', 'api_call_count', 'middleware_trace', 'telemetry_schema_version', 'middleware_schema_version']
messages count: 293
last message: {"success": true, "message": "Patched SKILL.md in skill 'hermes-plugin-middleware' (1 replacement).", "_change": {"old": "- **Routing works even when the UI says otherwise.** `llm_execution` can\n  sw
cfg enabled: True
classify result: simple
current model: deepseek-v4-pro, list_key: simple_models, model_list: ['deepseek-chat']
providers keys: ['deepseek-chat', 'qwen3.7-flash', 'deepseek-v4-pro', 'qwen3.7-plus']
prices keys: ['deepseek-chat', 'deepseek-v4-pro', 'qwen3.7-plus']
CANDIDATE deepseek-chat price=0.14
candidates count: 1
trying candidates: ['deepseek-chat']
--- try #1: deepseek-chat ---
SUCCESS! model=deepseek-v4-flash choices=1
=== on_llm_execution ENTER ===
request type: dict
context keys: ['original_request', 'task_id', 'turn_id', 'api_request_id', 'session_id', 'platform', 'model', 'provider', 'base_url', 'api_mode', 'api_call_count', 'middleware_trace', 'telemetry_schema_version', 'middleware_schema_version']
messages count: 295
last message: {"success": true, "name": "hermes-internals", "file": "references/config-write-protection-trace.md", "content": "# Config Write Protection Trace (config.yaml)\n\nHow Hermes blocks the agent from writi
cfg enabled: True
classify result: simple
current model: deepseek-v4-pro, list_key: simple_models, model_list: ['deepseek-chat']
providers keys: ['deepseek-chat', 'qwen3.7-flash', 'deepseek-v4-pro', 'qwen3.7-plus']
prices keys: ['deepseek-chat', 'deepseek-v4-pro', 'qwen3.7-plus']
CANDIDATE deepseek-chat price=0.14
candidates count: 1
trying candidates: ['deepseek-chat']
--- try #1: deepseek-chat ---
SUCCESS! model=deepseek-v4-flash choices=1
=== on_llm_execution ENTER ===
request type: dict
context keys: ['original_request', 'task_id', 'turn_id', 'api_request_id', 'session_id', 'platform', 'model', 'provider', 'base_url', 'api_mode', 'api_call_count', 'middleware_trace', 'telemetry_schema_version', 'middleware_schema_version']
messages count: 297
last message: {"success": false, "error": "Operation 1 (replace): no entry matched 'Smart-router 插件（~/.hermes/plugins/smart-router/）：llm_execution middleware 拦截 API 调用，按复杂度+价格路由（classify → 候选名单按 prices.yaml 价格排序 → 
cfg enabled: True
classify result: simple
current model: deepseek-v4-pro, list_key: simple_models, model_list: ['deepseek-chat']
providers keys: ['deepseek-chat', 'qwen3.7-flash', 'deepseek-v4-pro', 'qwen3.7-plus']
prices keys: ['deepseek-chat', 'deepseek-v4-pro', 'qwen3.7-plus']
CANDIDATE deepseek-chat price=0.14
candidates count: 1
trying candidates: ['deepseek-chat']
--- try #1: deepseek-chat ---
SUCCESS! model=deepseek-v4-flash choices=1
=== on_llm_execution ENTER ===
request type: dict
context keys: ['original_request', 'task_id', 'turn_id', 'api_request_id', 'session_id', 'platform', 'model', 'provider', 'base_url', 'api_mode', 'api_call_count', 'middleware_trace', 'telemetry_schema_version', 'middleware_schema_version']
messages count: 299
last message: {"success": true, "message": "Patched references/smart-router-architecture.md in skill 'hermes-plugin-middleware' (1 replacement).", "_change": {"old": "## config.yaml schema (verified working values)
cfg enabled: True
classify result: simple
current model: deepseek-v4-pro, list_key: simple_models, model_list: ['deepseek-chat']
providers keys: ['deepseek-chat', 'qwen3.7-flash', 'deepseek-v4-pro', 'qwen3.7-plus']
prices keys: ['deepseek-chat', 'deepseek-v4-pro', 'qwen3.7-plus']
CANDIDATE deepseek-chat price=0.14
candidates count: 1
trying candidates: ['deepseek-chat']
--- try #1: deepseek-chat ---
SUCCESS! model=deepseek-v4-flash choices=1
=== on_llm_execution ENTER ===
request type: dict
context keys: ['original_request', 'task_id', 'turn_id', 'api_request_id', 'session_id', 'platform', 'model', 'provider', 'base_url', 'api_mode', 'api_call_count', 'middleware_trace', 'telemetry_schema_version', 'middleware_schema_version']
messages count: 285
last message: ok,现在整个插件是已经成功了，我想深入理解调用链，理解了才能跟我的老师汇报工作，现在一步一步告诉我这个插件怎么工作的，以及跟conversation_loop等源代码的关系
cfg enabled: True
classify result: simple
current model: deepseek-v4-pro, list_key: simple_models, model_list: ['deepseek-chat']
providers keys: ['deepseek-chat', 'qwen3.7-flash', 'deepseek-v4-pro', 'qwen3.7-plus']
prices keys: ['deepseek-chat', 'deepseek-v4-pro', 'qwen3.7-plus']
CANDIDATE deepseek-chat price=0.14
candidates count: 1
trying candidates: ['deepseek-chat']
--- try #1: deepseek-chat ---
SUCCESS! model=deepseek-v4-flash choices=1
=== on_llm_execution ENTER ===
request type: dict
context keys: ['original_request', 'task_id', 'turn_id', 'api_request_id', 'session_id', 'platform', 'model', 'provider', 'base_url', 'api_mode', 'api_call_count', 'middleware_trace', 'telemetry_schema_version', 'middleware_schema_version']
messages count: 288
last message: {"output": "23:LLM_EXECUTION_MIDDLEWARE = \"llm_execution\"\n27:API_EXECUTION_MIDDLEWARE = LLM_EXECUTION_MIDDLEWARE\n33:    LLM_EXECUTION_MIDDLEWARE,\n77:def apply_llm_request_middleware(\n173:def run
cfg enabled: True
classify result: simple
current model: deepseek-v4-pro, list_key: simple_models, model_list: ['deepseek-chat']
providers keys: ['deepseek-chat', 'qwen3.7-flash', 'deepseek-v4-pro', 'qwen3.7-plus']
prices keys: ['deepseek-chat', 'deepseek-v4-pro', 'qwen3.7-plus']
CANDIDATE deepseek-chat price=0.14
candidates count: 1
trying candidates: ['deepseek-chat']
--- try #1: deepseek-chat ---
SUCCESS! model=deepseek-v4-flash choices=1
=== on_llm_execution ENTER ===
request type: dict
context keys: ['original_request', 'task_id', 'turn_id', 'api_request_id', 'session_id', 'platform', 'model', 'provider', 'base_url', 'api_mode', 'api_call_count', 'middleware_trace', 'telemetry_schema_version', 'middleware_schema_version']
messages count: 290
last message: {"output": "205:    from hermes_cli.plugins import discover_plugins\n206:    discover_plugins()", "exit_code": 0, "error": null}
cfg enabled: True
classify result: simple
current model: deepseek-v4-pro, list_key: simple_models, model_list: ['deepseek-chat']
providers keys: ['deepseek-chat', 'qwen3.7-flash', 'deepseek-v4-pro', 'qwen3.7-plus']
prices keys: ['deepseek-chat', 'deepseek-v4-pro', 'qwen3.7-plus']
CANDIDATE deepseek-chat price=0.14
candidates count: 1
trying candidates: ['deepseek-chat']
--- try #1: deepseek-chat ---
SUCCESS! model=deepseek-v4-flash choices=1
=== on_llm_execution ENTER ===
request type: dict
context keys: ['original_request', 'task_id', 'turn_id', 'api_request_id', 'session_id', 'platform', 'model', 'provider', 'base_url', 'api_mode', 'api_call_count', 'middleware_trace', 'telemetry_schema_version', 'middleware_schema_version']
messages count: 292
last message: {"content": "198|#   - gateway/run.py            -> start_gateway() uses run_in_executor\n199|#   - cli.py, hermes_cli/*      -> inline on startup (no event loop)\n200|#   - tui_gateway/server.py     
cfg enabled: True
classify result: simple
current model: deepseek-v4-pro, list_key: simple_models, model_list: ['deepseek-chat']
providers keys: ['deepseek-chat', 'qwen3.7-flash', 'deepseek-v4-pro', 'qwen3.7-plus']
prices keys: ['deepseek-chat', 'deepseek-v4-pro', 'qwen3.7-plus']
CANDIDATE deepseek-chat price=0.14
candidates count: 1
trying candidates: ['deepseek-chat']
--- try #1: deepseek-chat ---
SUCCESS! model=deepseek-v4-flash choices=1
=== on_llm_execution ENTER ===
request type: dict
context keys: ['original_request', 'task_id', 'turn_id', 'api_request_id', 'session_id', 'platform', 'model', 'provider', 'base_url', 'api_mode', 'api_call_count', 'middleware_trace', 'telemetry_schema_version', 'middleware_schema_version']
messages count: 294
last message: {"content": "2057|def invoke_middleware(kind: str, **kwargs: Any) -> List[Any]:\n2058|    \"\"\"Invoke registered middleware callbacks.\n2059|\n2060|    Returns a list of non-``None`` return values fr
cfg enabled: True
classify result: simple
current model: deepseek-v4-pro, list_key: simple_models, model_list: ['deepseek-chat']
providers keys: ['deepseek-chat', 'qwen3.7-flash', 'deepseek-v4-pro', 'qwen3.7-plus']
prices keys: ['deepseek-chat', 'deepseek-v4-pro', 'qwen3.7-plus']
CANDIDATE deepseek-chat price=0.14
candidates count: 1
trying candidates: ['deepseek-chat']
--- try #1: deepseek-chat ---
SUCCESS! model=deepseek-v4-flash choices=1
=== on_llm_execution ENTER ===
request type: dict
context keys: ['original_request', 'task_id', 'turn_id', 'api_request_id', 'session_id', 'platform', 'model', 'provider', 'base_url', 'api_mode', 'api_call_count', 'middleware_trace', 'telemetry_schema_version', 'middleware_schema_version']
messages count: 296
last message: {"output": "hermes_cli/plugins.py:2040:def discover_plugins(force: bool = False) -> None:", "exit_code": 0, "error": null}
cfg enabled: True
classify result: simple
current model: deepseek-v4-pro, list_key: simple_models, model_list: ['deepseek-chat']
providers keys: ['deepseek-chat', 'qwen3.7-flash', 'deepseek-v4-pro', 'qwen3.7-plus']
prices keys: ['deepseek-chat', 'deepseek-v4-pro', 'qwen3.7-plus']
CANDIDATE deepseek-chat price=0.14
candidates count: 1
trying candidates: ['deepseek-chat']
--- try #1: deepseek-chat ---
SUCCESS! model=deepseek-v4-flash choices=1
=== on_llm_execution ENTER ===
request type: dict
context keys: ['original_request', 'task_id', 'turn_id', 'api_request_id', 'session_id', 'platform', 'model', 'provider', 'base_url', 'api_mode', 'api_call_count', 'middleware_trace', 'telemetry_schema_version', 'middleware_schema_version']
messages count: 298
last message: {"content": "2040|def discover_plugins(force: bool = False) -> None:\n2041|    \"\"\"Discover and load all plugins.\n2042|\n2043|    Default behavior is idempotent. Pass ``force=True`` to rescan plugi
cfg enabled: True
classify result: simple
current model: deepseek-v4-pro, list_key: simple_models, model_list: ['deepseek-chat']
providers keys: ['deepseek-chat', 'qwen3.7-flash', 'deepseek-v4-pro', 'qwen3.7-plus']
prices keys: ['deepseek-chat', 'deepseek-v4-pro', 'qwen3.7-plus']
CANDIDATE deepseek-chat price=0.14
candidates count: 1
trying candidates: ['deepseek-chat']
--- try #1: deepseek-chat ---
SUCCESS! model=deepseek-v4-flash choices=1
=== on_llm_execution ENTER ===
request type: dict
context keys: ['original_request', 'task_id', 'turn_id', 'api_request_id', 'session_id', 'platform', 'model', 'provider', 'base_url', 'api_mode', 'api_call_count', 'middleware_trace', 'telemetry_schema_version', 'middleware_schema_version']
messages count: 300
last message: {"content": "1279|    def discover_and_load(self, force: bool = False) -> None:\n1280|        \"\"\"Scan all plugin sources and load each plugin found.\n1281|\n1282|        When ``force`` is true, cle
cfg enabled: True
classify result: simple
current model: deepseek-v4-pro, list_key: simple_models, model_list: ['deepseek-chat']
providers keys: ['deepseek-chat', 'qwen3.7-flash', 'deepseek-v4-pro', 'qwen3.7-plus']
prices keys: ['deepseek-chat', 'deepseek-v4-pro', 'qwen3.7-plus']
CANDIDATE deepseek-chat price=0.14
candidates count: 1
trying candidates: ['deepseek-chat']
--- try #1: deepseek-chat ---
SUCCESS! model=deepseek-v4-flash choices=1
=== on_llm_execution ENTER ===
request type: dict
context keys: ['original_request', 'task_id', 'turn_id', 'api_request_id', 'session_id', 'platform', 'model', 'provider', 'base_url', 'api_mode', 'api_call_count', 'middleware_trace', 'telemetry_schema_version', 'middleware_schema_version']
messages count: 302
last message: {"content": "1354|        manifests.extend(user_manifests)\n1355|\n1356|        # 3. Project plugins (./.hermes/plugins/)\n1357|        if _env_enabled(\"HERMES_ENABLE_PROJECT_PLUGINS\"):\n1358|      
cfg enabled: True
classify result: simple
current model: deepseek-v4-pro, list_key: simple_models, model_list: ['deepseek-chat']
providers keys: ['deepseek-chat', 'qwen3.7-flash', 'deepseek-v4-pro', 'qwen3.7-plus']
prices keys: ['deepseek-chat', 'deepseek-v4-pro', 'qwen3.7-plus']
CANDIDATE deepseek-chat price=0.14
candidates count: 1
trying candidates: ['deepseek-chat']
--- try #1: deepseek-chat ---
SUCCESS! model=deepseek-v4-flash choices=1
=== on_llm_execution ENTER ===
request type: dict
context keys: ['original_request', 'task_id', 'turn_id', 'api_request_id', 'session_id', 'platform', 'model', 'provider', 'base_url', 'api_mode', 'api_call_count', 'middleware_trace', 'telemetry_schema_version', 'middleware_schema_version']
messages count: 304
last message: {"content": "1424|                )\n1425|                continue\n1426|\n1427|            # Built-in backends auto-load — they ship with hermes and must\n1428|            # just work. Selection amon
cfg enabled: True
classify result: simple
current model: deepseek-v4-pro, list_key: simple_models, model_list: ['deepseek-chat']
providers keys: ['deepseek-chat', 'qwen3.7-flash', 'deepseek-v4-pro', 'qwen3.7-plus']
prices keys: ['deepseek-chat', 'deepseek-v4-pro', 'qwen3.7-plus']
CANDIDATE deepseek-chat price=0.14
candidates count: 1
trying candidates: ['deepseek-chat']
--- try #1: deepseek-chat ---
SUCCESS! model=deepseek-v4-flash choices=1
=== on_llm_execution ENTER ===
request type: dict
context keys: ['original_request', 'task_id', 'turn_id', 'api_request_id', 'session_id', 'platform', 'model', 'provider', 'base_url', 'api_mode', 'api_call_count', 'middleware_trace', 'telemetry_schema_version', 'middleware_schema_version']
messages count: 306
last message: {"content": "1748|    def _load_plugin(self, manifest: PluginManifest) -> None:\n1749|        \"\"\"Import a plugin module and call its ``register(ctx)`` function.\"\"\"\n1750|        loaded = LoadedP
cfg enabled: True
classify result: simple
current model: deepseek-v4-pro, list_key: simple_models, model_list: ['deepseek-chat']
providers keys: ['deepseek-chat', 'qwen3.7-flash', 'deepseek-v4-pro', 'qwen3.7-plus']
prices keys: ['deepseek-chat', 'deepseek-v4-pro', 'qwen3.7-plus']
CANDIDATE deepseek-chat price=0.14
candidates count: 1
trying candidates: ['deepseek-chat']
--- try #1: deepseek-chat ---
SUCCESS! model=deepseek-v4-flash choices=1
=== on_llm_execution ENTER ===
request type: dict
context keys: ['original_request', 'task_id', 'turn_id', 'api_request_id', 'session_id', 'platform', 'model', 'provider', 'base_url', 'api_mode', 'api_call_count', 'middleware_trace', 'telemetry_schema_version', 'middleware_schema_version']
messages count: 308
last message: {"content": "1177|    def register_middleware(self, kind: str, callback: Callable) -> None:\n1178|        \"\"\"Register a behavior-changing middleware callback.\n1179|\n1180|        Middleware is sep
cfg enabled: True
classify result: simple
current model: deepseek-v4-pro, list_key: simple_models, model_list: ['deepseek-chat']
providers keys: ['deepseek-chat', 'qwen3.7-flash', 'deepseek-v4-pro', 'qwen3.7-plus']
prices keys: ['deepseek-chat', 'deepseek-v4-pro', 'qwen3.7-plus']
CANDIDATE deepseek-chat price=0.14
candidates count: 1
trying candidates: ['deepseek-chat']
--- try #1: deepseek-chat ---
SUCCESS! model=deepseek-v4-flash choices=1
=== on_llm_execution ENTER ===
request type: dict
context keys: ['original_request', 'task_id', 'turn_id', 'api_request_id', 'session_id', 'platform', 'model', 'provider', 'base_url', 'api_mode', 'api_call_count', 'middleware_trace', 'telemetry_schema_version', 'middleware_schema_version']
messages count: 310
last message: {"content": "1491|                from hermes_cli.middleware import run_llm_execution_middleware\n1492|\n1493|                response = run_llm_execution_middleware(\n1494|                    api_kwa
cfg enabled: True
classify result: simple
current model: deepseek-v4-pro, list_key: simple_models, model_list: ['deepseek-chat']
providers keys: ['deepseek-chat', 'qwen3.7-flash', 'deepseek-v4-pro', 'qwen3.7-plus']
prices keys: ['deepseek-chat', 'deepseek-v4-pro', 'qwen3.7-plus']
CANDIDATE deepseek-chat price=0.14
candidates count: 1
trying candidates: ['deepseek-chat']
--- try #1: deepseek-chat ---
SUCCESS! model=deepseek-v4-flash choices=1
=== on_llm_execution ENTER ===
request type: dict
context keys: ['original_request', 'task_id', 'turn_id', 'api_request_id', 'session_id', 'platform', 'model', 'provider', 'base_url', 'api_mode', 'api_call_count', 'middleware_trace', 'telemetry_schema_version', 'middleware_schema_version']
messages count: 312
last message: {"content": "173|def run_llm_execution_middleware(\n174|    request: Dict[str, Any],\n175|    next_call: Callable[[Dict[str, Any]], Any],\n176|    **context: Any,\n177|) -> Any:\n178|    \"\"\"Run pro
cfg enabled: True
classify result: simple
current model: deepseek-v4-pro, list_key: simple_models, model_list: ['deepseek-chat']
providers keys: ['deepseek-chat', 'qwen3.7-flash', 'deepseek-v4-pro', 'qwen3.7-plus']
prices keys: ['deepseek-chat', 'deepseek-v4-pro', 'qwen3.7-plus']
CANDIDATE deepseek-chat price=0.14
candidates count: 1
trying candidates: ['deepseek-chat']
--- try #1: deepseek-chat ---
SUCCESS! model=deepseek-v4-flash choices=1
=== on_llm_execution ENTER ===
request type: dict
context keys: ['original_request', 'task_id', 'turn_id', 'api_request_id', 'session_id', 'platform', 'model', 'provider', 'base_url', 'api_mode', 'api_call_count', 'middleware_trace', 'telemetry_schema_version', 'middleware_schema_version']
messages count: 314
last message: {"content": "240|def _run_execution_chain(\n241|    kind: str,\n242|    callbacks: List[Callable],\n243|    terminal_call: Callable[[Any], Any],\n244|    **kwargs: Any,\n245|) -> Any:\n246|    payload
cfg enabled: True
classify result: simple
current model: deepseek-v4-pro, list_key: simple_models, model_list: ['deepseek-chat']
providers keys: ['deepseek-chat', 'qwen3.7-flash', 'deepseek-v4-pro', 'qwen3.7-plus']
prices keys: ['deepseek-chat', 'deepseek-v4-pro', 'qwen3.7-plus']
CANDIDATE deepseek-chat price=0.14
candidates count: 1
trying candidates: ['deepseek-chat']
--- try #1: deepseek-chat ---
SUCCESS! model=deepseek-v4-flash choices=1
=== on_llm_execution ENTER ===
request type: dict
context keys: ['original_request', 'task_id', 'turn_id', 'api_request_id', 'session_id', 'platform', 'model', 'provider', 'base_url', 'api_mode', 'api_call_count', 'middleware_trace', 'telemetry_schema_version', 'middleware_schema_version']
messages count: 316
last message: {"content": "27|    list_key = \"simple_models\" if complexity == \"simple\" else \"complex_models\"\n28|    model_list = cfg.get(list_key, [])\n29|    current_model = request.get(\"model\", \"\")\n30
cfg enabled: True
classify result: simple
current model: deepseek-v4-pro, list_key: simple_models, model_list: ['deepseek-chat']
providers keys: ['deepseek-chat', 'qwen3.7-flash', 'deepseek-v4-pro', 'qwen3.7-plus']
prices keys: ['deepseek-chat', 'deepseek-v4-pro', 'qwen3.7-plus']
CANDIDATE deepseek-chat price=0.14
candidates count: 1
trying candidates: ['deepseek-chat']
--- try #1: deepseek-chat ---
SUCCESS! model=deepseek-v4-flash choices=1
=== on_llm_execution ENTER ===
request type: dict
context keys: ['original_request', 'task_id', 'turn_id', 'api_request_id', 'session_id', 'platform', 'model', 'provider', 'base_url', 'api_mode', 'api_call_count', 'middleware_trace', 'telemetry_schema_version', 'middleware_schema_version']
messages count: 318
last message: {"content": "1516|                    thinking_spinner = None\n1517|                if agent.thinking_callback:\n1518|                    agent.thinking_callback(\"\")\n1519|                # Sync age
cfg enabled: True
classify result: simple
current model: deepseek-v4-pro, list_key: simple_models, model_list: ['deepseek-chat']
providers keys: ['deepseek-chat', 'qwen3.7-flash', 'deepseek-v4-pro', 'qwen3.7-plus']
prices keys: ['deepseek-chat', 'deepseek-v4-pro', 'qwen3.7-plus']
CANDIDATE deepseek-chat price=0.14
candidates count: 1
trying candidates: ['deepseek-chat']
--- try #1: deepseek-chat ---
SUCCESS! model=deepseek-v4-flash choices=1
=== on_llm_execution ENTER ===
request type: dict
context keys: ['original_request', 'task_id', 'turn_id', 'api_request_id', 'session_id', 'platform', 'model', 'provider', 'base_url', 'api_mode', 'api_call_count', 'middleware_trace', 'telemetry_schema_version', 'middleware_schema_version']
messages count: 320
last message: Review the conversation above and update the skill library. Be ACTIVE — most sessions produce at least one skill update, even if small. A pass that does nothing is a missed learning opportunity, not a
cfg enabled: True
classify result: simple
current model: deepseek-v4-pro, list_key: simple_models, model_list: ['deepseek-chat']
providers keys: ['deepseek-chat', 'qwen3.7-flash', 'deepseek-v4-pro', 'qwen3.7-plus']
prices keys: ['deepseek-chat', 'deepseek-v4-pro', 'qwen3.7-plus']
CANDIDATE deepseek-chat price=0.14
candidates count: 1
trying candidates: ['deepseek-chat']
--- try #1: deepseek-chat ---
SUCCESS! model=deepseek-v4-flash choices=1
=== on_llm_execution ENTER ===
request type: dict
context keys: ['original_request', 'task_id', 'turn_id', 'api_request_id', 'session_id', 'platform', 'model', 'provider', 'base_url', 'api_mode', 'api_call_count', 'middleware_trace', 'telemetry_schema_version', 'middleware_schema_version']
messages count: 322
last message: {"success": true, "name": "hermes-plugin-middleware", "file": "references/smart-router-architecture.md", "content": "# Smart Router Plugin — Architecture (v2)\n\n## What it does\n\nPer-request dynamic
cfg enabled: True
classify result: simple
current model: deepseek-v4-pro, list_key: simple_models, model_list: ['deepseek-chat']
providers keys: ['deepseek-chat', 'qwen3.7-flash', 'deepseek-v4-pro', 'qwen3.7-plus']
prices keys: ['deepseek-chat', 'deepseek-v4-pro', 'qwen3.7-plus']
CANDIDATE deepseek-chat price=0.14
candidates count: 1
trying candidates: ['deepseek-chat']
--- try #1: deepseek-chat ---
SUCCESS! model=deepseek-v4-flash choices=1
=== on_llm_execution ENTER ===
request type: dict
context keys: ['original_request', 'task_id', 'turn_id', 'api_request_id', 'session_id', 'platform', 'model', 'provider', 'base_url', 'api_mode', 'api_call_count', 'middleware_trace', 'telemetry_schema_version', 'middleware_schema_version']
messages count: 324
last message: {"success": false, "error": "Refusing background curator patch for skill 'hermes-plugin-middleware': the current SKILL.md content has not been loaded in this review turn. Call skill_view(name) for SKI
cfg enabled: True
classify result: simple
current model: deepseek-v4-pro, list_key: simple_models, model_list: ['deepseek-chat']
providers keys: ['deepseek-chat', 'qwen3.7-flash', 'deepseek-v4-pro', 'qwen3.7-plus']
prices keys: ['deepseek-chat', 'deepseek-v4-pro', 'qwen3.7-plus']
CANDIDATE deepseek-chat price=0.14
candidates count: 1
trying candidates: ['deepseek-chat']
--- try #1: deepseek-chat ---
SUCCESS! model=deepseek-v4-flash choices=1
=== on_llm_execution ENTER ===
request type: dict
context keys: ['original_request', 'task_id', 'turn_id', 'api_request_id', 'session_id', 'platform', 'model', 'provider', 'base_url', 'api_mode', 'api_call_count', 'middleware_trace', 'telemetry_schema_version', 'middleware_schema_version']
messages count: 326
last message: {"success": true, "name": "hermes-plugin-middleware", "description": "Trace Hermes plugin system and middleware pipeline.", "tags": ["hermes", "plugin", "middleware", "source-trace"], "related_skills"
cfg enabled: True
classify result: simple
current model: deepseek-v4-pro, list_key: simple_models, model_list: ['deepseek-chat']
providers keys: ['deepseek-chat', 'qwen3.7-flash', 'deepseek-v4-pro', 'qwen3.7-plus']
prices keys: ['deepseek-chat', 'deepseek-v4-pro', 'qwen3.7-plus']
CANDIDATE deepseek-chat price=0.14
candidates count: 1
trying candidates: ['deepseek-chat']
--- try #1: deepseek-chat ---
SUCCESS! model=deepseek-v4-flash choices=1
=== on_llm_execution ENTER ===
request type: dict
context keys: ['original_request', 'task_id', 'turn_id', 'api_request_id', 'session_id', 'platform', 'model', 'provider', 'base_url', 'api_mode', 'api_call_count', 'middleware_trace', 'telemetry_schema_version', 'middleware_schema_version']
messages count: 328
last message: {"success": true, "name": "hermes-plugin-middleware", "file": "references/middleware-403-debugging.md", "content": "# 403 AccessDenied Debugging Recipe\n\nConcrete walkthrough from smart-router plugin
cfg enabled: True
classify result: simple
current model: deepseek-v4-pro, list_key: simple_models, model_list: ['deepseek-chat']
providers keys: ['deepseek-chat', 'qwen3.7-flash', 'deepseek-v4-pro', 'qwen3.7-plus']
prices keys: ['deepseek-chat', 'deepseek-v4-pro', 'qwen3.7-plus']
CANDIDATE deepseek-chat price=0.14
candidates count: 1
trying candidates: ['deepseek-chat']
--- try #1: deepseek-chat ---
SUCCESS! model=deepseek-v4-flash choices=1
=== on_llm_execution ENTER ===
request type: dict
context keys: ['original_request', 'task_id', 'turn_id', 'api_request_id', 'session_id', 'platform', 'model', 'provider', 'base_url', 'api_mode', 'api_call_count', 'middleware_trace', 'telemetry_schema_version', 'middleware_schema_version']
messages count: 330
last message: {"success": true, "name": "hermes-internals", "description": "Trace Hermes Agent internal mechanisms — AIAgent lifecycle, background review, model fallback, and self-improvement engines.", "tags": ["h
cfg enabled: True
classify result: simple
current model: deepseek-v4-pro, list_key: simple_models, model_list: ['deepseek-chat']
providers keys: ['deepseek-chat', 'qwen3.7-flash', 'deepseek-v4-pro', 'qwen3.7-plus']
prices keys: ['deepseek-chat', 'deepseek-v4-pro', 'qwen3.7-plus']
CANDIDATE deepseek-chat price=0.14
candidates count: 1
trying candidates: ['deepseek-chat']
--- try #1: deepseek-chat ---
SUCCESS! model=deepseek-v4-flash choices=1
=== on_llm_execution ENTER ===
request type: dict
context keys: ['original_request', 'task_id', 'turn_id', 'api_request_id', 'session_id', 'platform', 'model', 'provider', 'base_url', 'api_mode', 'api_call_count', 'middleware_trace', 'telemetry_schema_version', 'middleware_schema_version']
messages count: 332
last message: {"success": true, "name": "hermes-internals", "file": "references/config-write-protection-trace.md", "content": "# Config Write Protection Trace (config.yaml)\n\nHow Hermes blocks the agent from writi
cfg enabled: True
classify result: simple
current model: deepseek-v4-pro, list_key: simple_models, model_list: ['deepseek-chat']
providers keys: ['deepseek-chat', 'qwen3.7-flash', 'deepseek-v4-pro', 'qwen3.7-plus']
prices keys: ['deepseek-chat', 'deepseek-v4-pro', 'qwen3.7-plus']
CANDIDATE deepseek-chat price=0.14
candidates count: 1
trying candidates: ['deepseek-chat']
--- try #1: deepseek-chat ---
SUCCESS! model=deepseek-v4-flash choices=1
=== on_llm_execution ENTER ===
request type: dict
context keys: ['original_request', 'task_id', 'turn_id', 'api_request_id', 'session_id', 'platform', 'model', 'provider', 'base_url', 'api_mode', 'api_call_count', 'middleware_trace', 'telemetry_schema_version', 'middleware_schema_version']
messages count: 334
last message: {"success": true, "message": "Patched references/smart-router-architecture.md in skill 'hermes-plugin-middleware' (1 replacement).", "_change": {"old": "## Data flow (per API call)\n\n```\nuser messag
cfg enabled: True
classify result: simple
current model: deepseek-v4-pro, list_key: simple_models, model_list: ['deepseek-chat']
providers keys: ['deepseek-chat', 'qwen3.7-flash', 'deepseek-v4-pro', 'qwen3.7-plus']
prices keys: ['deepseek-chat', 'deepseek-v4-pro', 'qwen3.7-plus']
CANDIDATE deepseek-chat price=0.14
candidates count: 1
trying candidates: ['deepseek-chat']
--- try #1: deepseek-chat ---
SUCCESS! model=deepseek-v4-flash choices=1
=== on_llm_execution ENTER ===
request type: dict
context keys: ['original_request', 'task_id', 'turn_id', 'api_request_id', 'session_id', 'platform', 'model', 'provider', 'base_url', 'api_mode', 'api_call_count', 'middleware_trace', 'telemetry_schema_version', 'middleware_schema_version']
messages count: 336
last message: {"success": false, "error": "Operation 1 (replace): no entry matched 'Smart-router 插件（~/.hermes/plugins/smart-router/）：llm_execution middleware 拦截 API 调用，按复杂度+价格路由（classify → 候选名单按 prices.yaml 价格排序 → 
cfg enabled: True
classify result: simple
current model: deepseek-v4-pro, list_key: simple_models, model_list: ['deepseek-chat']
providers keys: ['deepseek-chat', 'qwen3.7-flash', 'deepseek-v4-pro', 'qwen3.7-plus']
prices keys: ['deepseek-chat', 'deepseek-v4-pro', 'qwen3.7-plus']
CANDIDATE deepseek-chat price=0.14
candidates count: 1
trying candidates: ['deepseek-chat']
--- try #1: deepseek-chat ---
SUCCESS! model=deepseek-v4-flash choices=1
